"maille_code";"sexe";"date";"hospitalises";"reanimation";"gueris";"deces"
"01";0;"2020-03-18";2;0;1;0
"02";0;"2020-03-18";41;10;18;11
"03";0;"2020-03-18";4;0;1;0
"04";0;"2020-03-18";3;1;2;0
"05";0;"2020-03-18";8;1;9;0
"06";0;"2020-03-18";25;1;47;2
"07";0;"2020-03-18";12;1;0;0
"08";0;"2020-03-18";0;0;1;0
"09";0;"2020-03-18";1;1;2;0
"10";0;"2020-03-18";5;0;0;0
"11";0;"2020-03-18";8;7;9;3
"12";0;"2020-03-18";7;2;1;0
"13";0;"2020-03-18";98;11;59;4
"14";0;"2020-03-18";4;1;0;0
"15";0;"2020-03-18";2;1;0;0
"16";0;"2020-03-18";1;0;0;0
"17";0;"2020-03-18";5;2;2;0
"18";0;"2020-03-18";0;0;0;0
"19";0;"2020-03-18";0;0;0;0
"21";0;"2020-03-18";60;16;4;0
"22";0;"2020-03-18";1;1;3;0
"23";0;"2020-03-18";0;0;0;0
"24";0;"2020-03-18";2;1;1;0
"25";0;"2020-03-18";26;3;8;1
"26";0;"2020-03-18";17;2;0;0
"27";0;"2020-03-18";0;0;0;0
"28";0;"2020-03-18";5;3;0;1
"29";0;"2020-03-18";13;5;3;0
"2A";0;"2020-03-18";0;0;0;0
"2B";0;"2020-03-18";0;0;0;0
"30";0;"2020-03-18";5;3;6;0
"31";0;"2020-03-18";23;5;11;0
"32";0;"2020-03-18";1;1;0;0
"33";0;"2020-03-18";7;4;3;1
"34";0;"2020-03-18";37;15;18;2
"35";0;"2020-03-18";7;3;0;0
"36";0;"2020-03-18";0;0;0;0
"37";0;"2020-03-18";4;1;0;0
"38";0;"2020-03-18";18;2;0;1
"39";0;"2020-03-18";2;1;1;0
"40";0;"2020-03-18";0;0;0;0
"41";0;"2020-03-18";0;0;0;0
"42";0;"2020-03-18";31;10;3;1
"43";0;"2020-03-18";1;1;5;0
"44";0;"2020-03-18";18;3;7;1
"45";0;"2020-03-18";5;1;0;0
"46";0;"2020-03-18";0;0;1;0
"47";0;"2020-03-18";10;4;1;0
"48";0;"2020-03-18";1;0;0;0
"49";0;"2020-03-18";12;1;26;0
"50";0;"2020-03-18";7;0;1;0
"51";0;"2020-03-18";35;7;6;1
"52";0;"2020-03-18";4;0;0;1
"53";0;"2020-03-18";4;0;2;0
"54";0;"2020-03-18";42;19;1;5
"55";0;"2020-03-18";11;3;0;0
"56";0;"2020-03-18";39;14;63;7
"57";0;"2020-03-18";169;34;11;16
"58";0;"2020-03-18";0;0;0;0
"59";0;"2020-03-18";106;26;16;3
"60";0;"2020-03-18";94;22;18;6
"61";0;"2020-03-18";4;0;2;0
"62";0;"2020-03-18";22;9;16;0
"63";0;"2020-03-18";10;2;3;0
"64";0;"2020-03-18";5;0;0;0
"65";0;"2020-03-18";0;0;0;0
"66";0;"2020-03-18";9;5;1;0
"67";0;"2020-03-18";210;58;4;15
"68";0;"2020-03-18";371;77;116;74
"69";0;"2020-03-18";36;8;10;0
"70";0;"2020-03-18";14;4;2;0
"71";0;"2020-03-18";35;0;4;5
"72";0;"2020-03-18";9;0;1;0
"73";0;"2020-03-18";8;0;3;0
"74";0;"2020-03-18";31;8;43;5
"75";0;"2020-03-18";359;105;40;14
"76";0;"2020-03-18";30;3;3;3
"77";0;"2020-03-18";25;13;10;0
"78";0;"2020-03-18";69;18;5;5
"79";0;"2020-03-18";2;1;2;0
"80";0;"2020-03-18";50;20;9;1
"81";0;"2020-03-18";2;0;2;0
"82";0;"2020-03-18";1;0;0;1
"83";0;"2020-03-18";23;7;78;0
"84";0;"2020-03-18";9;3;7;1
"85";0;"2020-03-18";1;0;0;0
"86";0;"2020-03-18";7;0;0;1
"87";0;"2020-03-18";2;0;2;0
"88";0;"2020-03-18";32;6;7;8
"89";0;"2020-03-18";6;0;1;0
"90";0;"2020-03-18";25;9;0;0
"91";0;"2020-03-18";51;16;0;1
"92";0;"2020-03-18";149;48;22;4
"93";0;"2020-03-18";92;33;15;5
"94";0;"2020-03-18";122;32;16;5
"95";0;"2020-03-18";90;29;21;2
"971";0;"2020-03-18";0;0;0;0
"972";0;"2020-03-18";16;5;0;1
"973";0;"2020-03-18";0;0;0;0
"974";0;"2020-03-18";2;2;0;0
"976";0;"2020-03-18";0;0;0;0
"01";0;"2020-03-19";2;0;1;0
"02";0;"2020-03-19";43;15;33;19
"03";0;"2020-03-19";0;0;7;0
"04";0;"2020-03-19";3;1;3;0
"05";0;"2020-03-19";10;1;10;0
"06";0;"2020-03-19";33;5;48;2
"07";0;"2020-03-19";11;2;0;0
"08";0;"2020-03-19";0;0;1;0
"09";0;"2020-03-19";1;1;2;0
"10";0;"2020-03-19";6;1;0;0
"11";0;"2020-03-19";18;11;8;6
"12";0;"2020-03-19";9;2;2;1
"13";0;"2020-03-19";128;20;97;4
"14";0;"2020-03-19";4;1;1;0
"15";0;"2020-03-19";3;1;0;0
"16";0;"2020-03-19";0;0;2;0
"17";0;"2020-03-19";7;2;2;0
"18";0;"2020-03-19";0;0;0;0
"19";0;"2020-03-19";1;0;0;0
"21";0;"2020-03-19";53;19;28;2
"22";0;"2020-03-19";2;1;3;0
"23";0;"2020-03-19";0;0;0;0
"24";0;"2020-03-19";2;1;1;0
"25";0;"2020-03-19";33;11;10;2
"26";0;"2020-03-19";32;8;2;0
"27";0;"2020-03-19";1;1;0;1
"28";0;"2020-03-19";11;4;0;1
"29";0;"2020-03-19";17;5;6;0
"2A";0;"2020-03-19";1;0;1;1
"2B";0;"2020-03-19";0;0;0;0
"30";0;"2020-03-19";4;1;7;1
"31";0;"2020-03-19";26;6;13;1
"32";0;"2020-03-19";3;3;0;0
"33";0;"2020-03-19";7;5;7;2
"34";0;"2020-03-19";49;18;21;4
"35";0;"2020-03-19";16;8;15;0
"36";0;"2020-03-19";3;0;0;0
"37";0;"2020-03-19";6;3;0;0
"38";0;"2020-03-19";22;2;3;1
"39";0;"2020-03-19";2;1;1;0
"40";0;"2020-03-19";0;0;0;0
"41";0;"2020-03-19";2;0;1;0
"42";0;"2020-03-19";48;18;8;3
"43";0;"2020-03-19";1;1;5;0
"44";0;"2020-03-19";24;6;9;1
"45";0;"2020-03-19";9;3;0;0
"46";0;"2020-03-19";0;0;1;0
"47";0;"2020-03-19";10;1;1;0
"48";0;"2020-03-19";1;0;0;0
"49";0;"2020-03-19";16;3;28;0
"50";0;"2020-03-19";6;0;2;0
"51";0;"2020-03-19";39;7;14;2
"52";0;"2020-03-19";4;0;0;1
"53";0;"2020-03-19";5;1;3;0
"54";0;"2020-03-19";54;23;1;6
"55";0;"2020-03-19";35;3;4;0
"56";0;"2020-03-19";42;12;53;9
"57";0;"2020-03-19";194;46;15;19
"58";0;"2020-03-19";0;0;0;0
"59";0;"2020-03-19";138;35;36;5
"60";0;"2020-03-19";109;21;23;14
"61";0;"2020-03-19";2;0;3;0
"62";0;"2020-03-19";30;11;25;0
"63";0;"2020-03-19";9;1;4;0
"64";0;"2020-03-19";9;0;1;0
"65";0;"2020-03-19";2;1;0;0
"66";0;"2020-03-19";19;11;3;3
"67";0;"2020-03-19";302;82;13;18
"68";0;"2020-03-19";437;73;131;91
"69";0;"2020-03-19";210;33;48;12
"70";0;"2020-03-19";14;3;3;0
"71";0;"2020-03-19";48;3;7;5
"72";0;"2020-03-19";8;0;5;0
"73";0;"2020-03-19";10;2;5;0
"74";0;"2020-03-19";37;11;49;6
"75";0;"2020-03-19";453;122;62;22
"76";0;"2020-03-19";33;4;3;4
"77";0;"2020-03-19";48;13;15;0
"78";0;"2020-03-19";92;20;7;6
"79";0;"2020-03-19";3;1;3;0
"80";0;"2020-03-19";74;23;12;2
"81";0;"2020-03-19";5;1;2;0
"82";0;"2020-03-19";1;0;0;1
"83";0;"2020-03-19";27;13;86;2
"84";0;"2020-03-19";12;4;9;1
"85";0;"2020-03-19";5;1;5;0
"86";0;"2020-03-19";7;0;0;1
"87";0;"2020-03-19";6;1;2;0
"88";0;"2020-03-19";38;6;8;11
"89";0;"2020-03-19";5;1;1;2
"90";0;"2020-03-19";39;9;0;3
"91";0;"2020-03-19";82;22;4;1
"92";0;"2020-03-19";206;54;31;7
"93";0;"2020-03-19";143;45;21;5
"94";0;"2020-03-19";182;47;41;10
"95";0;"2020-03-19";150;37;32;5
"971";0;"2020-03-19";0;0;0;0
"972";0;"2020-03-19";17;5;0;1
"973";0;"2020-03-19";0;0;0;0
"974";0;"2020-03-19";2;2;0;0
"976";0;"2020-03-19";0;0;0;0
"01";0;"2020-03-20";2;0;1;0
"02";0;"2020-03-20";52;19;40;24
"03";0;"2020-03-20";1;0;10;0
"04";0;"2020-03-20";3;1;3;0
"05";0;"2020-03-20";13;1;10;0
"06";0;"2020-03-20";43;7;61;4
"07";0;"2020-03-20";15;3;3;1
"08";0;"2020-03-20";1;1;1;0
"09";0;"2020-03-20";2;1;2;0
"10";0;"2020-03-20";12;2;0;0
"11";0;"2020-03-20";26;11;13;8
"12";0;"2020-03-20";12;2;3;1
"13";0;"2020-03-20";174;26;108;4
"14";0;"2020-03-20";4;1;3;1
"15";0;"2020-03-20";4;1;0;0
"16";0;"2020-03-20";1;0;2;0
"17";0;"2020-03-20";9;3;2;0
"18";0;"2020-03-20";0;0;0;0
"19";0;"2020-03-20";1;0;0;0
"21";0;"2020-03-20";82;31;37;3
"22";0;"2020-03-20";5;0;3;1
"23";0;"2020-03-20";0;0;0;0
"24";0;"2020-03-20";3;3;2;0
"25";0;"2020-03-20";43;15;13;4
"26";0;"2020-03-20";38;9;2;2
"27";0;"2020-03-20";4;1;0;1
"28";0;"2020-03-20";12;2;0;1
"29";0;"2020-03-20";20;4;6;1
"2A";0;"2020-03-20";60;14;10;3
"2B";0;"2020-03-20";6;0;23;0
"30";0;"2020-03-20";8;1;7;1
"31";0;"2020-03-20";35;10;16;2
"32";0;"2020-03-20";3;3;0;0
"33";0;"2020-03-20";10;5;12;2
"34";0;"2020-03-20";61;21;24;4
"35";0;"2020-03-20";20;9;17;1
"36";0;"2020-03-20";4;1;0;0
"37";0;"2020-03-20";12;5;0;1
"38";0;"2020-03-20";27;2;10;1
"39";0;"2020-03-20";6;1;2;0
"40";0;"2020-03-20";0;0;0;0
"41";0;"2020-03-20";4;0;0;0
"42";0;"2020-03-20";63;17;9;4
"43";0;"2020-03-20";2;2;6;0
"44";0;"2020-03-20";30;10;11;1
"45";0;"2020-03-20";26;5;2;0
"46";0;"2020-03-20";0;0;2;0
"47";0;"2020-03-20";10;1;1;0
"48";0;"2020-03-20";1;0;0;0
"49";0;"2020-03-20";22;4;38;0
"50";0;"2020-03-20";12;4;2;0
"51";0;"2020-03-20";54;11;26;2
"52";0;"2020-03-20";8;0;5;4
"53";0;"2020-03-20";7;2;3;0
"54";0;"2020-03-20";65;26;2;7
"55";0;"2020-03-20";46;5;6;0
"56";0;"2020-03-20";49;12;29;9
"57";0;"2020-03-20";257;61;24;23
"58";0;"2020-03-20";1;1;0;0
"59";0;"2020-03-20";112;39;35;5
"60";0;"2020-03-20";123;28;30;18
"61";0;"2020-03-20";3;1;4;0
"62";0;"2020-03-20";50;20;35;1
"63";0;"2020-03-20";4;1;9;0
"64";0;"2020-03-20";8;0;2;1
"65";0;"2020-03-20";2;1;0;0
"66";0;"2020-03-20";26;15;3;4
"67";0;"2020-03-20";366;92;42;28
"68";0;"2020-03-20";509;91;170;105
"69";0;"2020-03-20";236;41;68;19
"70";0;"2020-03-20";26;6;5;0
"71";0;"2020-03-20";53;5;10;8
"72";0;"2020-03-20";8;0;5;0
"73";0;"2020-03-20";17;2;8;0
"74";0;"2020-03-20";54;9;53;6
"75";0;"2020-03-20";575;145;98;30
"76";0;"2020-03-20";48;6;5;5
"77";0;"2020-03-20";79;31;21;2
"78";0;"2020-03-20";136;33;16;12
"79";0;"2020-03-20";5;1;8;0
"80";0;"2020-03-20";95;30;16;3
"81";0;"2020-03-20";6;1;3;0
"82";0;"2020-03-20";1;0;0;1
"83";0;"2020-03-20";35;17;88;2
"84";0;"2020-03-20";13;3;10;1
"85";0;"2020-03-20";6;1;5;0
"86";0;"2020-03-20";11;0;0;1
"87";0;"2020-03-20";7;2;2;0
"88";0;"2020-03-20";46;5;8;14
"89";0;"2020-03-20";10;3;1;2
"90";0;"2020-03-20";49;9;0;5
"91";0;"2020-03-20";122;28;7;3
"92";0;"2020-03-20";254;74;50;11
"93";0;"2020-03-20";201;62;35;19
"94";0;"2020-03-20";226;60;67;12
"95";0;"2020-03-20";192;51;56;10
"971";0;"2020-03-20";0;0;0;0
"972";0;"2020-03-20";19;5;0;1
"973";0;"2020-03-20";0;0;0;0
"974";0;"2020-03-20";2;2;0;0
"976";0;"2020-03-20";0;0;0;0
"01";0;"2020-03-21";4;0;1;0
"02";0;"2020-03-21";61;20;49;25
"03";0;"2020-03-21";5;0;10;0
"04";0;"2020-03-21";4;1;3;0
"05";0;"2020-03-21";13;1;10;0
"06";0;"2020-03-21";46;7;61;6
"07";0;"2020-03-21";15;3;3;1
"08";0;"2020-03-21";3;1;1;0
"09";0;"2020-03-21";2;1;3;0
"10";0;"2020-03-21";12;2;0;0
"11";0;"2020-03-21";26;9;13;9
"12";0;"2020-03-21";11;2;4;1
"13";0;"2020-03-21";203;33;128;4
"14";0;"2020-03-21";6;3;3;1
"15";0;"2020-03-21";5;1;0;0
"16";0;"2020-03-21";3;1;2;0
"17";0;"2020-03-21";11;4;2;0
"18";0;"2020-03-21";0;0;0;0
"19";0;"2020-03-21";1;0;0;0
"21";0;"2020-03-21";79;30;45;3
"22";0;"2020-03-21";7;1;3;1
"23";0;"2020-03-21";1;0;0;0
"24";0;"2020-03-21";4;3;2;0
"25";0;"2020-03-21";48;21;19;6
"26";0;"2020-03-21";43;9;2;2
"27";0;"2020-03-21";7;3;0;0
"28";0;"2020-03-21";13;2;1;1
"29";0;"2020-03-21";20;2;6;1
"2A";0;"2020-03-21";62;14;12;4
"2B";0;"2020-03-21";6;0;23;0
"30";0;"2020-03-21";7;1;11;1
"31";0;"2020-03-21";51;14;17;2
"32";0;"2020-03-21";4;3;0;0
"33";0;"2020-03-21";39;15;12;2
"34";0;"2020-03-21";65;22;33;4
"35";0;"2020-03-21";20;10;18;1
"36";0;"2020-03-21";5;2;0;0
"37";0;"2020-03-21";12;4;1;1
"38";0;"2020-03-21";30;2;13;1
"39";0;"2020-03-21";7;1;2;0
"40";0;"2020-03-21";0;0;0;0
"41";0;"2020-03-21";4;0;0;0
"42";0;"2020-03-21";71;18;12;6
"43";0;"2020-03-21";4;2;6;0
"44";0;"2020-03-21";38;11;12;1
"45";0;"2020-03-21";30;6;3;0
"46";0;"2020-03-21";1;0;5;0
"47";0;"2020-03-21";13;1;1;0
"48";0;"2020-03-21";1;0;0;0
"49";0;"2020-03-21";22;6;35;2
"50";0;"2020-03-21";15;4;2;0
"51";0;"2020-03-21";67;16;27;2
"52";0;"2020-03-21";9;0;5;4
"53";0;"2020-03-21";7;2;3;0
"54";0;"2020-03-21";76;35;2;9
"55";0;"2020-03-21";60;6;7;1
"56";0;"2020-03-21";62;11;28;12
"57";0;"2020-03-21";286;64;34;25
"58";0;"2020-03-21";1;1;0;0
"59";0;"2020-03-21";79;43;17;5
"60";0;"2020-03-21";138;28;43;18
"61";0;"2020-03-21";4;1;3;0
"62";0;"2020-03-21";44;18;27;1
"63";0;"2020-03-21";4;1;10;0
"64";0;"2020-03-21";10;1;2;1
"65";0;"2020-03-21";5;1;0;0
"66";0;"2020-03-21";25;15;3;5
"67";0;"2020-03-21";420;108;51;31
"68";0;"2020-03-21";517;94;196;121
"69";0;"2020-03-21";272;41;71;21
"70";0;"2020-03-21";26;6;5;0
"71";0;"2020-03-21";50;6;14;10
"72";0;"2020-03-21";9;0;5;0
"73";0;"2020-03-21";18;2;8;0
"74";0;"2020-03-21";54;9;56;7
"75";0;"2020-03-21";649;165;122;36
"76";0;"2020-03-21";60;10;6;5
"77";0;"2020-03-21";89;36;21;3
"78";0;"2020-03-21";174;39;30;14
"79";0;"2020-03-21";5;1;8;0
"80";0;"2020-03-21";102;35;21;7
"81";0;"2020-03-21";8;1;3;1
"82";0;"2020-03-21";3;1;0;1
"83";0;"2020-03-21";40;19;98;2
"84";0;"2020-03-21";20;5;10;1
"85";0;"2020-03-21";4;2;7;0
"86";0;"2020-03-21";12;0;1;1
"87";0;"2020-03-21";8;2;2;1
"88";0;"2020-03-21";55;6;8;16
"89";0;"2020-03-21";11;3;1;2
"90";0;"2020-03-21";61;11;2;6
"91";0;"2020-03-21";151;35;8;5
"92";0;"2020-03-21";298;81;71;17
"93";0;"2020-03-21";220;66;37;20
"94";0;"2020-03-21";268;67;79;13
"95";0;"2020-03-21";238;56;70;14
"971";0;"2020-03-21";0;0;0;0
"972";0;"2020-03-21";19;5;0;1
"973";0;"2020-03-21";0;0;0;0
"974";0;"2020-03-21";2;2;0;0
"976";0;"2020-03-21";0;0;0;0
"01";0;"2020-03-22";8;1;2;0
"02";0;"2020-03-22";69;21;55;28
"03";0;"2020-03-22";5;0;10;0
"04";0;"2020-03-22";4;1;3;0
"05";0;"2020-03-22";14;1;11;0
"06";0;"2020-03-22";45;8;63;7
"07";0;"2020-03-22";22;3;3;1
"08";0;"2020-03-22";4;1;1;0
"09";0;"2020-03-22";2;1;3;0
"10";0;"2020-03-22";21;4;0;0
"11";0;"2020-03-22";27;9;13;9
"12";0;"2020-03-22";13;2;4;1
"13";0;"2020-03-22";247;41;133;4
"14";0;"2020-03-22";11;4;3;1
"15";0;"2020-03-22";5;1;0;0
"16";0;"2020-03-22";5;3;2;1
"17";0;"2020-03-22";12;4;5;0
"18";0;"2020-03-22";0;0;0;0
"19";0;"2020-03-22";4;0;0;1
"21";0;"2020-03-22";101;31;73;4
"22";0;"2020-03-22";7;1;3;1
"23";0;"2020-03-22";1;0;0;0
"24";0;"2020-03-22";6;3;2;0
"25";0;"2020-03-22";63;21;20;8
"26";0;"2020-03-22";46;11;3;4
"27";0;"2020-03-22";12;4;0;0
"28";0;"2020-03-22";15;2;2;1
"29";0;"2020-03-22";19;2;9;2
"2A";0;"2020-03-22";58;13;13;6
"2B";0;"2020-03-22";6;0;23;0
"30";0;"2020-03-22";13;1;10;2
"31";0;"2020-03-22";55;16;23;2
"32";0;"2020-03-22";4;3;0;0
"33";0;"2020-03-22";54;23;13;2
"34";0;"2020-03-22";66;22;38;4
"35";0;"2020-03-22";27;13;18;1
"36";0;"2020-03-22";5;2;0;0
"37";0;"2020-03-22";13;5;1;1
"38";0;"2020-03-22";36;2;14;1
"39";0;"2020-03-22";8;1;2;0
"40";0;"2020-03-22";0;0;0;0
"41";0;"2020-03-22";4;0;0;0
"42";0;"2020-03-22";98;23;16;8
"43";0;"2020-03-22";5;2;7;0
"44";0;"2020-03-22";50;12;14;2
"45";0;"2020-03-22";37;12;7;1
"46";0;"2020-03-22";1;0;5;0
"47";0;"2020-03-22";15;2;1;0
"48";0;"2020-03-22";2;0;1;0
"49";0;"2020-03-22";22;6;40;2
"50";0;"2020-03-22";19;5;3;0
"51";0;"2020-03-22";92;19;27;3
"52";0;"2020-03-22";13;2;5;4
"53";0;"2020-03-22";9;2;3;0
"54";0;"2020-03-22";105;57;12;16
"55";0;"2020-03-22";60;6;7;1
"56";0;"2020-03-22";77;15;29;13
"57";0;"2020-03-22";332;72;51;32
"58";0;"2020-03-22";1;1;0;0
"59";0;"2020-03-22";96;43;20;11
"60";0;"2020-03-22";147;28;47;19
"61";0;"2020-03-22";4;1;3;0
"62";0;"2020-03-22";49;20;30;1
"63";0;"2020-03-22";4;2;11;0
"64";0;"2020-03-22";15;1;2;1
"65";0;"2020-03-22";6;1;1;0
"66";0;"2020-03-22";60;20;4;5
"67";0;"2020-03-22";463;110;51;38
"68";0;"2020-03-22";538;90;221;136
"69";0;"2020-03-22";326;48;80;26
"70";0;"2020-03-22";26;6;5;0
"71";0;"2020-03-22";65;6;36;12
"72";0;"2020-03-22";11;0;6;0
"73";0;"2020-03-22";22;2;8;0
"74";0;"2020-03-22";64;11;58;7
"75";0;"2020-03-22";728;195;145;40
"76";0;"2020-03-22";72;11;6;7
"77";0;"2020-03-22";127;41;23;3
"78";0;"2020-03-22";206;43;34;14
"79";0;"2020-03-22";8;1;11;1
"80";0;"2020-03-22";124;39;21;8
"81";0;"2020-03-22";10;2;4;1
"82";0;"2020-03-22";3;1;0;1
"83";0;"2020-03-22";56;22;106;2
"84";0;"2020-03-22";22;5;11;1
"85";0;"2020-03-22";7;5;8;0
"86";0;"2020-03-22";13;1;1;1
"87";0;"2020-03-22";13;2;2;1
"88";0;"2020-03-22";62;9;16;22
"89";0;"2020-03-22";13;3;1;2
"90";0;"2020-03-22";68;14;28;14
"91";0;"2020-03-22";196;47;12;4
"92";0;"2020-03-22";378;95;87;21
"93";0;"2020-03-22";263;75;41;23
"94";0;"2020-03-22";306;78;90;17
"95";0;"2020-03-22";281;66;81;18
"971";0;"2020-03-22";6;6;0;0
"972";0;"2020-03-22";19;5;0;1
"973";0;"2020-03-22";0;0;0;0
"974";0;"2020-03-22";2;2;0;0
"976";0;"2020-03-22";0;0;0;0
"01";0;"2020-03-23";17;3;7;0
"02";0;"2020-03-23";91;23;62;30
"03";0;"2020-03-23";9;0;16;1
"04";0;"2020-03-23";4;1;3;0
"05";0;"2020-03-23";19;3;13;0
"06";0;"2020-03-23";66;13;63;8
"07";0;"2020-03-23";29;3;3;2
"08";0;"2020-03-23";6;3;1;0
"09";0;"2020-03-23";3;3;3;0
"10";0;"2020-03-23";33;4;0;2
"11";0;"2020-03-23";36;13;13;10
"12";0;"2020-03-23";14;2;4;1
"13";0;"2020-03-23";311;64;168;4
"14";0;"2020-03-23";26;6;5;1
"15";0;"2020-03-23";5;2;0;0
"16";0;"2020-03-23";6;4;2;1
"17";0;"2020-03-23";13;6;6;0
"18";0;"2020-03-23";0;0;0;0
"19";0;"2020-03-23";6;1;0;2
"21";0;"2020-03-23";113;34;84;13
"22";0;"2020-03-23";9;1;3;1
"23";0;"2020-03-23";2;0;0;0
"24";0;"2020-03-23";20;3;11;0
"25";0;"2020-03-23";65;22;25;10
"26";0;"2020-03-23";58;16;5;7
"27";0;"2020-03-23";15;4;0;0
"28";0;"2020-03-23";34;10;2;2
"29";0;"2020-03-23";22;1;9;4
"2A";0;"2020-03-23";59;9;14;7
"2B";0;"2020-03-23";6;0;31;0
"30";0;"2020-03-23";15;5;11;2
"31";0;"2020-03-23";71;19;26;2
"32";0;"2020-03-23";5;3;0;0
"33";0;"2020-03-23";68;24;19;3
"34";0;"2020-03-23";82;29;42;9
"35";0;"2020-03-23";34;14;20;1
"36";0;"2020-03-23";16;5;0;2
"37";0;"2020-03-23";18;6;1;2
"38";0;"2020-03-23";51;7;19;3
"39";0;"2020-03-23";10;1;2;0
"40";0;"2020-03-23";4;0;0;0
"41";0;"2020-03-23";6;1;1;0
"42";0;"2020-03-23";123;25;20;10
"43";0;"2020-03-23";7;3;7;0
"44";0;"2020-03-23";57;15;14;3
"45";0;"2020-03-23";43;16;11;2
"46";0;"2020-03-23";2;0;4;0
"47";0;"2020-03-23";18;4;1;1
"48";0;"2020-03-23";4;0;1;0
"49";0;"2020-03-23";46;10;43;4
"50";0;"2020-03-23";20;7;4;0
"51";0;"2020-03-23";117;28;39;8
"52";0;"2020-03-23";13;3;6;4
"53";0;"2020-03-23";14;2;3;1
"54";0;"2020-03-23";121;55;16;19
"55";0;"2020-03-23";86;7;16;2
"56";0;"2020-03-23";67;14;36;17
"57";0;"2020-03-23";391;83;58;53
"58";0;"2020-03-23";3;2;0;0
"59";0;"2020-03-23";145;68;30;15
"60";0;"2020-03-23";174;31;54;29
"61";0;"2020-03-23";6;2;7;0
"62";0;"2020-03-23";65;28;33;3
"63";0;"2020-03-23";7;3;11;0
"64";0;"2020-03-23";19;1;5;1
"65";0;"2020-03-23";7;1;2;0
"66";0;"2020-03-23";83;22;6;6
"67";0;"2020-03-23";545;139;77;50
"68";0;"2020-03-23";634;100;233;157
"69";0;"2020-03-23";429;71;90;34
"70";0;"2020-03-23";26;6;5;0
"71";0;"2020-03-23";84;7;50;13
"72";0;"2020-03-23";20;2;6;1
"73";0;"2020-03-23";26;4;13;1
"74";0;"2020-03-23";92;20;63;12
"75";0;"2020-03-23";925;223;198;59
"76";0;"2020-03-23";81;14;8;8
"77";0;"2020-03-23";161;54;40;3
"78";0;"2020-03-23";226;49;41;17
"79";0;"2020-03-23";8;1;12;1
"80";0;"2020-03-23";137;37;22;9
"81";0;"2020-03-23";7;3;4;1
"82";0;"2020-03-23";2;1;1;1
"83";0;"2020-03-23";56;23;114;5
"84";0;"2020-03-23";25;8;16;3
"85";0;"2020-03-23";10;6;8;0
"86";0;"2020-03-23";15;1;1;3
"87";0;"2020-03-23";17;2;2;1
"88";0;"2020-03-23";65;10;24;32
"89";0;"2020-03-23";16;7;1;2
"90";0;"2020-03-23";94;20;31;24
"91";0;"2020-03-23";253;66;18;4
"92";0;"2020-03-23";496;126;112;28
"93";0;"2020-03-23";333;85;55;28
"94";0;"2020-03-23";384;103;108;24
"95";0;"2020-03-23";364;81;93;30
"971";0;"2020-03-23";6;6;0;0
"972";0;"2020-03-23";19;5;0;1
"973";0;"2020-03-23";0;0;0;0
"974";0;"2020-03-23";2;2;0;0
"976";0;"2020-03-23";0;0;0;0
"01";"0";"2020-03-24";22;3;11;0
"02";"0";"2020-03-24";107;27;85;33
"03";"0";"2020-03-24";9;0;16;1
"04";"0";"2020-03-24";4;1;3;0
"05";"0";"2020-03-24";19;4;16;1
"06";"0";"2020-03-24";55;12;86;8
"07";"0";"2020-03-24";37;4;1;3
"08";"0";"2020-03-24";5;3;2;0
"09";"0";"2020-03-24";3;3;3;0
"10";"0";"2020-03-24";36;4;0;2
"11";"0";"2020-03-24";33;11;13;12
"12";"0";"2020-03-24";19;3;5;1
"13";"0";"2020-03-24";369;82;197;7
"14";"0";"2020-03-24";29;10;7;1
"15";"0";"2020-03-24";7;3;0;0
"16";"0";"2020-03-24";13;4;2;2
"17";"0";"2020-03-24";26;6;6;0
"18";"0";"2020-03-24";2;2;1;0
"19";"0";"2020-03-24";12;3;0;3
"21";"0";"2020-03-24";114;34;106;22
"22";"0";"2020-03-24";11;2;3;1
"23";"0";"2020-03-24";2;0;0;0
"24";"0";"2020-03-24";24;4;15;0
"25";"0";"2020-03-24";80;26;30;11
"26";"0";"2020-03-24";67;21;10;9
"27";"0";"2020-03-24";15;4;0;0
"28";"0";"2020-03-24";41;12;3;3
"29";"0";"2020-03-24";22;1;14;5
"2A";"0";"2020-03-24";63;9;18;7
"2B";"0";"2020-03-24";7;0;33;0
"30";"0";"2020-03-24";14;8;14;4
"31";"0";"2020-03-24";89;28;38;3
"32";"0";"2020-03-24";8;3;0;0
"33";"0";"2020-03-24";99;41;27;3
"34";"0";"2020-03-24";99;34;49;10
"35";"0";"2020-03-24";33;13;26;2
"36";"0";"2020-03-24";19;7;0;2
"37";"0";"2020-03-24";22;6;4;2
"38";"0";"2020-03-24";59;7;31;3
"39";"0";"2020-03-24";24;2;4;0
"40";"0";"2020-03-24";4;0;0;0
"41";"0";"2020-03-24";10;1;6;0
"42";"0";"2020-03-24";160;29;26;13
"43";"0";"2020-03-24";8;3;8;0
"44";"0";"2020-03-24";77;17;23;6
"45";"0";"2020-03-24";43;16;10;2
"46";"0";"2020-03-24";2;0;4;0
"47";"0";"2020-03-24";16;2;2;1
"48";"0";"2020-03-24";7;2;2;0
"49";"0";"2020-03-24";58;15;48;5
"50";"0";"2020-03-24";20;6;4;2
"51";"0";"2020-03-24";145;33;52;10
"52";"0";"2020-03-24";24;6;11;5
"53";"0";"2020-03-24";14;2;3;1
"54";"0";"2020-03-24";161;79;25;24
"55";"0";"2020-03-24";96;7;20;9
"56";"0";"2020-03-24";67;14;43;17
"57";"0";"2020-03-24";525;101;80;65
"58";"0";"2020-03-24";3;2;0;0
"59";"0";"2020-03-24";183;76;32;19
"60";"0";"2020-03-24";189;35;71;38
"61";"0";"2020-03-24";8;2;10;0
"62";"0";"2020-03-24";85;34;34;6
"63";"0";"2020-03-24";15;4;11;0
"64";"0";"2020-03-24";23;5;7;1
"65";"0";"2020-03-24";6;1;3;0
"66";"0";"2020-03-24";91;28;12;7
"67";"0";"2020-03-24";621;163;120;69
"68";"0";"2020-03-24";713;97;273;187
"69";"0";"2020-03-24";476;87;111;42
"70";"0";"2020-03-24";37;13;8;3
"71";"0";"2020-03-24";92;14;98;20
"72";"0";"2020-03-24";23;3;12;1
"73";"0";"2020-03-24";28;4;16;1
"74";"0";"2020-03-24";93;25;73;14
"75";"0";"2020-03-24";1076;284;232;80
"76";"0";"2020-03-24";98;18;11;12
"77";"0";"2020-03-24";168;66;57;11
"78";"0";"2020-03-24";295;72;59;25
"79";"0";"2020-03-24";9;1;12;1
"80";"0";"2020-03-24";147;36;28;13
"81";"0";"2020-03-24";8;3;4;1
"82";"0";"2020-03-24";3;1;2;1
"83";"0";"2020-03-24";72;26;117;7
"84";"0";"2020-03-24";26;8;16;3
"85";"0";"2020-03-24";15;6;7;0
"86";"0";"2020-03-24";17;0;5;3
"87";"0";"2020-03-24";18;3;2;2
"88";"0";"2020-03-24";76;11;36;36
"89";"0";"2020-03-24";18;8;1;2
"90";"0";"2020-03-24";109;22;38;27
"91";"0";"2020-03-24";294;70;37;8
"92";"0";"2020-03-24";616;159;150;33
"93";"0";"2020-03-24";390;100;71;38
"94";"0";"2020-03-24";467;125;120;27
"95";"0";"2020-03-24";377;97;128;40
"971";"0";"2020-03-24";6;6;0;0
"972";"0";"2020-03-24";13;5;11;1
"973";"0";"2020-03-24";0;0;0;0
"974";"0";"2020-03-24";3;3;0;0
"976";"0";"2020-03-24";0;0;0;0
"";"0";"2020-03-24";13;13;0;0
"01";0;"2020-03-25";29;6;15;0
"02";0;"2020-03-25";115;32;92;34
"03";0;"2020-03-25";12;0;20;1
"04";0;"2020-03-25";8;1;16;0
"05";0;"2020-03-25";23;4;19;1
"06";0;"2020-03-25";75;17;93;9
"07";0;"2020-03-25";48;5;34;4
"08";0;"2020-03-25";5;3;2;0
"09";0;"2020-03-25";7;3;4;0
"10";0;"2020-03-25";44;9;3;6
"11";0;"2020-03-25";37;12;17;15
"12";0;"2020-03-25";17;4;10;1
"13";0;"2020-03-25";376;82;261;12
"14";0;"2020-03-25";46;14;7;1
"15";0;"2020-03-25";7;4;1;0
"16";0;"2020-03-25";18;3;2;4
"17";0;"2020-03-25";26;6;7;0
"18";0;"2020-03-25";7;5;1;0
"19";0;"2020-03-25";15;4;0;3
"21";0;"2020-03-25";153;42;127;27
"22";0;"2020-03-25";15;2;3;1
"23";0;"2020-03-25";4;0;0;0
"24";0;"2020-03-25";29;5;15;0
"25";0;"2020-03-25";84;27;44;12
"26";0;"2020-03-25";90;25;13;14
"27";0;"2020-03-25";22;6;0;0
"28";0;"2020-03-25";50;18;6;4
"29";0;"2020-03-25";33;9;17;5
"2A";0;"2020-03-25";74;9;21;14
"2B";0;"2020-03-25";7;0;33;1
"30";0;"2020-03-25";19;10;15;5
"31";0;"2020-03-25";108;36;44;3
"32";0;"2020-03-25";11;3;0;0
"33";0;"2020-03-25";144;41;55;6
"34";0;"2020-03-25";135;36;54;13
"35";0;"2020-03-25";41;14;30;2
"36";0;"2020-03-25";23;7;0;5
"37";0;"2020-03-25";25;8;9;3
"38";0;"2020-03-25";79;16;38;3
"39";0;"2020-03-25";28;4;4;0
"40";0;"2020-03-25";9;2;1;0
"41";0;"2020-03-25";11;2;7;0
"42";0;"2020-03-25";210;40;29;16
"43";0;"2020-03-25";11;4;11;0
"44";0;"2020-03-25";89;19;27;7
"45";0;"2020-03-25";49;18;13;1
"46";0;"2020-03-25";3;1;4;0
"47";0;"2020-03-25";17;1;3;1
"48";0;"2020-03-25";8;2;2;0
"49";0;"2020-03-25";67;16;55;6
"50";0;"2020-03-25";21;5;8;3
"51";0;"2020-03-25";180;41;65;16
"52";0;"2020-03-25";23;7;12;5
"53";0;"2020-03-25";21;4;3;1
"54";0;"2020-03-25";192;83;31;28
"55";0;"2020-03-25";107;9;24;11
"56";0;"2020-03-25";69;13;52;20
"57";0;"2020-03-25";567;115;114;79
"58";0;"2020-03-25";3;2;0;0
"59";0;"2020-03-25";239;93;36;20
"60";0;"2020-03-25";210;43;78;44
"61";0;"2020-03-25";11;4;20;1
"62";0;"2020-03-25";103;40;42;8
"63";0;"2020-03-25";17;4;12;0
"64";0;"2020-03-25";32;7;8;3
"65";0;"2020-03-25";7;2;3;0
"66";0;"2020-03-25";98;30;23;7
"67";0;"2020-03-25";690;184;149;80
"68";0;"2020-03-25";802;106;325;239
"69";0;"2020-03-25";570;116;129;52
"70";0;"2020-03-25";44;18;11;6
"71";0;"2020-03-25";109;19;119;25
"72";0;"2020-03-25";26;3;13;1
"73";0;"2020-03-25";41;7;18;2
"74";0;"2020-03-25";116;31;84;15
"75";0;"2020-03-25";1289;328;291;112
"76";0;"2020-03-25";125;27;15;13
"77";0;"2020-03-25";216;78;69;15
"78";0;"2020-03-25";330;87;86;37
"79";0;"2020-03-25";11;1;13;1
"80";0;"2020-03-25";162;39;39;16
"81";0;"2020-03-25";16;7;5;1
"82";0;"2020-03-25";3;1;2;1
"83";0;"2020-03-25";93;30;125;8
"84";0;"2020-03-25";33;9;21;3
"85";0;"2020-03-25";33;7;8;1
"86";0;"2020-03-25";15;0;9;4
"87";0;"2020-03-25";20;5;2;3
"88";0;"2020-03-25";110;18;44;41
"89";0;"2020-03-25";32;11;1;2
"90";0;"2020-03-25";138;27;42;30
"91";0;"2020-03-25";360;79;58;12
"92";0;"2020-03-25";740;187;192;47
"93";0;"2020-03-25";463;101;80;47
"94";0;"2020-03-25";550;145;153;34
"95";0;"2020-03-25";441;109;155;53
"971";0;"2020-03-25";6;6;0;0
"972";0;"2020-03-25";22;7;12;1
"973";0;"2020-03-25";0;0;0;0
"974";0;"2020-03-25";3;3;0;0
"976";0;"2020-03-25";0;0;0;0
"01";0;"2020-03-26";33;6;17;2
"02";0;"2020-03-26";124;35;102;36
"03";0;"2020-03-26";15;1;26;2
"04";0;"2020-03-26";9;1;16;0
"05";0;"2020-03-26";29;6;20;1
"06";0;"2020-03-26";85;18;95;12
"07";0;"2020-03-26";52;7;39;5
"08";0;"2020-03-26";13;7;2;0
"09";0;"2020-03-26";7;3;4;0
"10";0;"2020-03-26";58;13;3;6
"11";0;"2020-03-26";38;11;23;15
"12";0;"2020-03-26";22;5;10;4
"13";0;"2020-03-26";434;97;309;16
"14";0;"2020-03-26";51;16;11;1
"15";0;"2020-03-26";6;4;2;0
"16";0;"2020-03-26";19;3;6;4
"17";0;"2020-03-26";36;11;15;0
"18";0;"2020-03-26";9;6;1;1
"19";0;"2020-03-26";16;6;1;3
"21";0;"2020-03-26";163;40;139;32
"22";0;"2020-03-26";22;4;3;1
"23";0;"2020-03-26";4;0;0;0
"24";0;"2020-03-26";33;4;16;0
"25";0;"2020-03-26";84;29;52;18
"26";0;"2020-03-26";116;30;26;18
"27";0;"2020-03-26";35;9;0;1
"28";0;"2020-03-26";58;20;10;8
"29";0;"2020-03-26";41;9;20;5
"2A";0;"2020-03-26";88;13;22;17
"2B";0;"2020-03-26";7;0;41;2
"30";0;"2020-03-26";17;11;17;5
"31";0;"2020-03-26";140;55;49;3
"32";0;"2020-03-26";10;3;1;0
"33";0;"2020-03-26";166;46;72;11
"34";0;"2020-03-26";152;37;70;16
"35";0;"2020-03-26";50;14;34;2
"36";0;"2020-03-26";23;7;1;5
"37";0;"2020-03-26";33;9;12;3
"38";0;"2020-03-26";88;18;46;4
"39";0;"2020-03-26";45;9;4;0
"40";0;"2020-03-26";8;3;2;0
"41";0;"2020-03-26";16;2;8;0
"42";0;"2020-03-26";247;50;32;19
"43";0;"2020-03-26";13;6;11;0
"44";0;"2020-03-26";91;20;29;9
"45";0;"2020-03-26";59;25;18;3
"46";0;"2020-03-26";3;1;5;0
"47";0;"2020-03-26";16;3;4;3
"48";0;"2020-03-26";7;2;3;0
"49";0;"2020-03-26";79;20;65;8
"50";0;"2020-03-26";22;6;9;3
"51";0;"2020-03-26";199;44;71;19
"52";0;"2020-03-26";36;9;13;7
"53";0;"2020-03-26";27;5;3;3
"54";0;"2020-03-26";209;93;41;33
"55";0;"2020-03-26";116;10;32;12
"56";0;"2020-03-26";89;18;57;21
"57";0;"2020-03-26";642;120;144;99
"58";0;"2020-03-26";4;2;0;0
"59";0;"2020-03-26";283;106;50;27
"60";0;"2020-03-26";224;45;109;58
"61";0;"2020-03-26";14;5;24;1
"62";0;"2020-03-26";119;43;52;9
"63";0;"2020-03-26";21;4;13;0
"64";0;"2020-03-26";39;9;18;4
"65";0;"2020-03-26";15;2;5;1
"66";0;"2020-03-26";113;35;29;8
"67";0;"2020-03-26";727;204;224;93
"68";0;"2020-03-26";878;119;373;268
"69";0;"2020-03-26";644;114;168;66
"70";0;"2020-03-26";62;22;13;6
"71";0;"2020-03-26";149;22;140;29
"72";0;"2020-03-26";39;5;20;2
"73";0;"2020-03-26";52;13;19;2
"74";0;"2020-03-26";135;37;97;16
"75";0;"2020-03-26";1493;375;353;139
"76";0;"2020-03-26";151;39;18;14
"77";0;"2020-03-26";271;98;85;20
"78";0;"2020-03-26";414;100;112;43
"79";0;"2020-03-26";15;1;13;1
"80";0;"2020-03-26";169;42;47;20
"81";0;"2020-03-26";24;10;6;1
"82";0;"2020-03-26";3;2;2;1
"83";0;"2020-03-26";103;32;132;12
"84";0;"2020-03-26";35;10;27;3
"85";0;"2020-03-26";46;9;10;2
"86";0;"2020-03-26";24;6;13;4
"87";0;"2020-03-26";23;4;3;4
"88";0;"2020-03-26";101;17;57;47
"89";0;"2020-03-26";35;12;2;3
"90";0;"2020-03-26";137;30;52;35
"91";0;"2020-03-26";416;93;68;15
"92";0;"2020-03-26";851;221;227;56
"93";0;"2020-03-26";547;120;100;68
"94";0;"2020-03-26";651;152;181;52
"95";0;"2020-03-26";489;110;184;67
"971";0;"2020-03-26";21;7;4;0
"972";0;"2020-03-26";29;11;13;1
"973";0;"2020-03-26";0;0;0;0
"974";0;"2020-03-26";3;3;0;0
"976";0;"2020-03-26";0;0;0;0
"01";0;"2020-03-27";49;9;17;2
"02";0;"2020-03-27";132;35;90;37
"03";0;"2020-03-27";18;2;27;4
"04";0;"2020-03-27";11;1;18;0
"05";0;"2020-03-27";32;7;22;1
"06";0;"2020-03-27";99;22;99;12
"07";0;"2020-03-27";54;9;45;9
"08";0;"2020-03-27";14;8;2;0
"09";0;"2020-03-27";8;1;4;0
"10";0;"2020-03-27";61;13;3;6
"11";0;"2020-03-27";45;14;26;15
"12";0;"2020-03-27";24;6;13;5
"13";0;"2020-03-27";525;110;334;20
"14";0;"2020-03-27";63;21;12;2
"15";0;"2020-03-27";7;4;2;0
"16";0;"2020-03-27";27;5;8;4
"17";0;"2020-03-27";36;13;16;0
"18";0;"2020-03-27";12;4;3;2
"19";0;"2020-03-27";16;6;1;3
"21";0;"2020-03-27";170;42;138;34
"22";0;"2020-03-27";32;5;3;1
"23";0;"2020-03-27";6;2;0;0
"24";0;"2020-03-27";41;5;16;0
"25";0;"2020-03-27";100;37;60;21
"26";0;"2020-03-27";129;35;39;21
"27";0;"2020-03-27";37;10;0;1
"28";0;"2020-03-27";68;25;13;10
"29";0;"2020-03-27";41;9;23;5
"2A";0;"2020-03-27";95;12;24;17
"2B";0;"2020-03-27";7;1;46;2
"30";0;"2020-03-27";25;11;19;6
"31";0;"2020-03-27";156;56;52;5
"32";0;"2020-03-27";15;4;1;0
"33";0;"2020-03-27";204;53;91;15
"34";0;"2020-03-27";177;43;81;18
"35";0;"2020-03-27";53;16;38;3
"36";0;"2020-03-27";29;7;2;7
"37";0;"2020-03-27";51;15;18;3
"38";0;"2020-03-27";114;29;52;4
"39";0;"2020-03-27";48;12;5;0
"40";0;"2020-03-27";10;3;2;0
"41";0;"2020-03-27";24;4;8;0
"42";0;"2020-03-27";262;51;44;20
"43";0;"2020-03-27";14;6;12;1
"44";0;"2020-03-27";128;33;33;12
"45";0;"2020-03-27";63;25;20;4
"46";0;"2020-03-27";3;1;5;0
"47";0;"2020-03-27";17;5;5;3
"48";0;"2020-03-27";7;2;3;0
"49";0;"2020-03-27";91;22;73;10
"50";0;"2020-03-27";26;7;11;4
"51";0;"2020-03-27";218;47;80;20
"52";0;"2020-03-27";49;10;17;8
"53";0;"2020-03-27";45;6;3;3
"54";0;"2020-03-27";253;109;54;35
"55";0;"2020-03-27";128;13;37;13
"56";0;"2020-03-27";89;19;67;25
"57";0;"2020-03-27";691;127;171;122
"58";0;"2020-03-27";6;3;0;0
"59";0;"2020-03-27";331;129;77;35
"60";0;"2020-03-27";232;52;120;66
"61";0;"2020-03-27";15;5;25;1
"62";0;"2020-03-27";121;44;61;9
"63";0;"2020-03-27";27;5;14;0
"64";0;"2020-03-27";48;11;21;5
"65";0;"2020-03-27";17;3;5;1
"66";0;"2020-03-27";112;32;37;9
"67";0;"2020-03-27";787;223;234;107
"68";0;"2020-03-27";963;128;409;290
"69";0;"2020-03-27";741;139;224;82
"70";0;"2020-03-27";67;23;22;6
"71";0;"2020-03-27";165;27;145;32
"72";0;"2020-03-27";53;12;22;3
"73";0;"2020-03-27";61;15;24;3
"74";0;"2020-03-27";162;40;106;19
"75";0;"2020-03-27";1656;441;433;180
"76";0;"2020-03-27";172;50;25;16
"77";0;"2020-03-27";321;110;108;21
"78";0;"2020-03-27";452;100;135;53
"79";0;"2020-03-27";16;1;13;2
"80";0;"2020-03-27";177;42;53;22
"81";0;"2020-03-27";25;12;8;1
"82";0;"2020-03-27";4;2;2;1
"83";0;"2020-03-27";114;33;138;12
"84";0;"2020-03-27";42;13;31;3
"85";0;"2020-03-27";54;11;10;3
"86";0;"2020-03-27";28;8;15;6
"87";0;"2020-03-27";33;4;3;4
"88";0;"2020-03-27";126;21;67;56
"89";0;"2020-03-27";37;12;2;3
"90";0;"2020-03-27";147;30;60;43
"91";0;"2020-03-27";453;100;80;18
"92";0;"2020-03-27";967;234;261;74
"93";0;"2020-03-27";680;133;125;82
"94";0;"2020-03-27";760;158;210;69
"95";0;"2020-03-27";504;113;246;81
"971";0;"2020-03-27";29;13;6;1
"972";0;"2020-03-27";44;15;13;1
"973";0;"2020-03-27";0;0;0;0
"974";0;"2020-03-27";3;2;0;0
"976";0;"2020-03-27";0;0;0;0
"01";0;"2020-03-28";53;12;20;3
"02";0;"2020-03-28";134;34;95;41
"03";0;"2020-03-28";22;2;31;4
"04";0;"2020-03-28";12;1;21;0
"05";0;"2020-03-28";32;7;26;1
"06";0;"2020-03-28";105;21;107;15
"07";0;"2020-03-28";62;9;66;10
"08";0;"2020-03-28";25;8;2;0
"09";0;"2020-03-28";8;1;4;0
"10";0;"2020-03-28";64;13;3;7
"11";0;"2020-03-28";59;19;34;17
"12";0;"2020-03-28";33;6;16;6
"13";0;"2020-03-28";601;124;360;23
"14";0;"2020-03-28";81;27;16;2
"15";0;"2020-03-28";8;4;2;0
"16";0;"2020-03-28";23;5;12;6
"17";0;"2020-03-28";41;16;19;1
"18";0;"2020-03-28";16;8;3;4
"19";0;"2020-03-28";29;6;1;3
"21";0;"2020-03-28";202;45;155;35
"22";0;"2020-03-28";34;5;6;2
"23";0;"2020-03-28";6;2;0;0
"24";0;"2020-03-28";11;5;5;0
"25";0;"2020-03-28";91;38;72;22
"26";0;"2020-03-28";165;46;41;21
"27";0;"2020-03-28";37;10;1;1
"28";0;"2020-03-28";73;24;15;10
"29";0;"2020-03-28";48;11;25;5
"2A";0;"2020-03-28";101;17;25;17
"2B";0;"2020-03-28";7;1;46;2
"30";0;"2020-03-28";36;14;19;6
"31";0;"2020-03-28";163;60;62;6
"32";0;"2020-03-28";16;4;1;0
"33";0;"2020-03-28";216;56;98;17
"34";0;"2020-03-28";202;51;93;21
"35";0;"2020-03-28";65;16;40;5
"36";0;"2020-03-28";41;9;2;8
"37";0;"2020-03-28";51;15;22;4
"38";0;"2020-03-28";120;30;57;6
"39";0;"2020-03-28";37;9;15;1
"40";0;"2020-03-28";9;3;5;0
"41";0;"2020-03-28";29;4;12;3
"42";0;"2020-03-28";321;67;47;27
"43";0;"2020-03-28";14;6;13;2
"44";0;"2020-03-28";144;39;41;19
"45";0;"2020-03-28";83;29;23;6
"46";0;"2020-03-28";3;1;5;0
"47";0;"2020-03-28";25;8;4;3
"48";0;"2020-03-28";8;2;4;0
"49";0;"2020-03-28";107;29;81;10
"50";0;"2020-03-28";32;11;11;4
"51";0;"2020-03-28";254;52;113;24
"52";0;"2020-03-28";53;11;17;8
"53";0;"2020-03-28";46;6;3;5
"54";0;"2020-03-28";314;131;64;38
"55";0;"2020-03-28";130;13;37;14
"56";0;"2020-03-28";93;25;74;25
"57";0;"2020-03-28";747;145;203;152
"58";0;"2020-03-28";7;4;1;0
"59";0;"2020-03-28";389;143;93;40
"60";0;"2020-03-28";245;49;127;77
"61";0;"2020-03-28";19;5;28;1
"62";0;"2020-03-28";149;54;69;12
"63";0;"2020-03-28";35;8;14;0
"64";0;"2020-03-28";48;10;28;6
"65";0;"2020-03-28";21;5;6;1
"66";0;"2020-03-28";123;34;47;9
"67";0;"2020-03-28";834;224;262;117
"68";0;"2020-03-28";954;131;484;325
"69";0;"2020-03-28";860;188;261;96
"70";0;"2020-03-28";66;21;26;9
"71";0;"2020-03-28";182;31;161;34
"72";0;"2020-03-28";79;17;25;4
"73";0;"2020-03-28";66;16;25;3
"74";0;"2020-03-28";178;44;123;23
"75";0;"2020-03-28";1927;518;499;211
"76";0;"2020-03-28";216;58;39;18
"77";0;"2020-03-28";386;116;125;31
"78";0;"2020-03-28";513;119;169;61
"79";0;"2020-03-28";17;1;14;2
"80";0;"2020-03-28";215;49;68;26
"81";0;"2020-03-28";30;13;8;1
"82";0;"2020-03-28";4;2;2;1
"83";0;"2020-03-28";139;37;139;12
"84";0;"2020-03-28";45;18;38;4
"85";0;"2020-03-28";65;12;13;4
"86";0;"2020-03-28";26;8;20;8
"87";0;"2020-03-28";39;7;5;4
"88";0;"2020-03-28";150;28;79;68
"89";0;"2020-03-28";38;12;2;3
"90";0;"2020-03-28";164;34;61;44
"91";0;"2020-03-28";516;126;112;21
"92";0;"2020-03-28";1103;258;313;88
"93";0;"2020-03-28";677;144;187;100
"94";0;"2020-03-28";871;174;257;83
"95";0;"2020-03-28";530;115;275;93
"971";0;"2020-03-28";44;13;9;1
"972";0;"2020-03-28";53;14;15;1
"973";0;"2020-03-28";0;0;0;0
"974";0;"2020-03-28";15;3;0;0
"976";0;"2020-03-28";0;0;0;0
"01";0;"2020-03-29";55;13;23;6
"02";0;"2020-03-29";136;34;96;42
"03";0;"2020-03-29";23;5;32;4
"04";0;"2020-03-29";12;1;21;0
"05";0;"2020-03-29";39;8;27;1
"06";0;"2020-03-29";112;26;116;17
"07";0;"2020-03-29";66;8;67;11
"08";0;"2020-03-29";30;11;4;0
"09";0;"2020-03-29";9;2;4;0
"10";0;"2020-03-29";65;13;3;7
"11";0;"2020-03-29";68;18;35;17
"12";0;"2020-03-29";34;6;16;6
"13";0;"2020-03-29";705;149;364;30
"14";0;"2020-03-29";93;31;17;2
"15";0;"2020-03-29";8;4;2;0
"16";0;"2020-03-29";30;7;13;7
"17";0;"2020-03-29";46;21;20;3
"18";0;"2020-03-29";18;8;3;4
"19";0;"2020-03-29";32;7;2;3
"21";0;"2020-03-29";218;48;181;37
"22";0;"2020-03-29";36;5;8;3
"23";0;"2020-03-29";6;2;0;0
"24";0;"2020-03-29";11;5;5;0
"25";0;"2020-03-29";148;56;84;25
"26";0;"2020-03-29";183;52;41;22
"27";0;"2020-03-29";37;10;1;1
"28";0;"2020-03-29";98;27;17;11
"29";0;"2020-03-29";50;11;28;5
"2A";0;"2020-03-29";91;19;31;17
"2B";0;"2020-03-29";7;1;48;2
"30";0;"2020-03-29";39;13;19;9
"31";0;"2020-03-29";185;65;65;7
"32";0;"2020-03-29";20;4;1;0
"33";0;"2020-03-29";237;63;107;21
"34";0;"2020-03-29";234;58;95;23
"35";0;"2020-03-29";84;15;51;5
"36";0;"2020-03-29";40;8;2;9
"37";0;"2020-03-29";58;18;23;4
"38";0;"2020-03-29";140;38;61;8
"39";0;"2020-03-29";37;9;15;1
"40";0;"2020-03-29";11;3;5;0
"41";0;"2020-03-29";29;4;12;3
"42";0;"2020-03-29";374;73;60;33
"43";0;"2020-03-29";14;5;13;3
"44";0;"2020-03-29";158;39;41;23
"45";0;"2020-03-29";115;38;26;8
"46";0;"2020-03-29";5;2;7;0
"47";0;"2020-03-29";27;8;4;3
"48";0;"2020-03-29";9;2;4;0
"49";0;"2020-03-29";117;29;92;10
"50";0;"2020-03-29";37;13;13;6
"51";0;"2020-03-29";260;53;127;26
"52";0;"2020-03-29";53;11;17;8
"53";0;"2020-03-29";54;7;3;5
"54";0;"2020-03-29";325;132;72;42
"55";0;"2020-03-29";131;13;38;14
"56";0;"2020-03-29";98;26;79;28
"57";0;"2020-03-29";809;161;214;163
"58";0;"2020-03-29";9;6;1;0
"59";0;"2020-03-29";446;157;111;43
"60";0;"2020-03-29";259;49;129;82
"61";0;"2020-03-29";25;5;28;1
"62";0;"2020-03-29";168;58;74;13
"63";0;"2020-03-29";51;21;14;0
"64";0;"2020-03-29";52;13;32;6
"65";0;"2020-03-29";25;5;7;1
"66";0;"2020-03-29";126;33;52;11
"67";0;"2020-03-29";884;235;277;135
"68";0;"2020-03-29";999;136;513;348
"69";0;"2020-03-29";907;207;285;110
"70";0;"2020-03-29";66;18;29;10
"71";0;"2020-03-29";184;27;167;36
"72";0;"2020-03-29";97;17;32;5
"73";0;"2020-03-29";82;17;27;4
"74";0;"2020-03-29";212;54;130;26
"75";0;"2020-03-29";2115;570;515;237
"76";0;"2020-03-29";263;63;44;22
"77";0;"2020-03-29";418;113;139;33
"78";0;"2020-03-29";559;125;187;69
"79";0;"2020-03-29";23;4;14;2
"80";0;"2020-03-29";228;50;66;31
"81";0;"2020-03-29";38;17;7;1
"82";0;"2020-03-29";4;2;2;1
"83";0;"2020-03-29";156;41;144;13
"84";0;"2020-03-29";49;18;38;4
"85";0;"2020-03-29";73;15;14;4
"86";0;"2020-03-29";34;14;19;9
"87";0;"2020-03-29";49;13;5;4
"88";0;"2020-03-29";179;27;83;72
"89";0;"2020-03-29";40;13;6;4
"90";0;"2020-03-29";171;40;66;51
"91";0;"2020-03-29";528;128;126;33
"92";0;"2020-03-29";1169;276;342;110
"93";0;"2020-03-29";758;148;200;113
"94";0;"2020-03-29";961;177;273;99
"95";0;"2020-03-29";584;131;327;113
"971";0;"2020-03-29";44;12;9;2
"972";0;"2020-03-29";57;15;17;3
"973";0;"2020-03-29";0;0;0;0
"974";0;"2020-03-29";53;4;5;0
"976";0;"2020-03-29";0;0;0;0
"01";0;"2020-03-30";67;19;24;10
"02";0;"2020-03-30";135;34;67;44
"03";0;"2020-03-30";30;8;39;4
"04";0;"2020-03-30";19;4;28;1
"05";0;"2020-03-30";38;6;33;1
"06";0;"2020-03-30";119;30;117;20
"07";0;"2020-03-30";72;8;79;12
"08";0;"2020-03-30";30;11;4;0
"09";0;"2020-03-30";11;3;4;0
"10";0;"2020-03-30";70;13;4;7
"11";0;"2020-03-30";73;20;36;18
"12";0;"2020-03-30";40;8;19;6
"13";0;"2020-03-30";811;184;385;35
"14";0;"2020-03-30";95;31;18;7
"15";0;"2020-03-30";10;4;2;0
"16";0;"2020-03-30";35;8;13;9
"17";0;"2020-03-30";61;25;21;6
"18";0;"2020-03-30";32;12;3;6
"19";0;"2020-03-30";37;8;4;3
"21";0;"2020-03-30";211;46;213;37
"22";0;"2020-03-30";39;5;9;3
"23";0;"2020-03-30";8;4;0;0
"24";0;"2020-03-30";11;4;5;0
"25";0;"2020-03-30";152;53;89;26
"26";0;"2020-03-30";209;61;53;32
"27";0;"2020-03-30";39;12;3;3
"28";0;"2020-03-30";114;29;23;17
"29";0;"2020-03-30";54;12;29;6
"2A";0;"2020-03-30";92;19;43;17
"2B";0;"2020-03-30";7;1;48;2
"30";0;"2020-03-30";44;17;19;9
"31";0;"2020-03-30";214;78;70;7
"32";0;"2020-03-30";19;4;1;1
"33";0;"2020-03-30";288;78;144;25
"34";0;"2020-03-30";242;67;109;24
"35";0;"2020-03-30";91;17;53;7
"36";0;"2020-03-30";43;8;3;11
"37";0;"2020-03-30";81;21;25;4
"38";0;"2020-03-30";165;46;64;11
"39";0;"2020-03-30";48;9;15;2
"40";0;"2020-03-30";15;4;6;1
"41";0;"2020-03-30";48;6;14;4
"42";0;"2020-03-30";391;82;70;36
"43";0;"2020-03-30";16;5;14;3
"44";0;"2020-03-30";158;40;53;28
"45";0;"2020-03-30";139;39;32;11
"46";0;"2020-03-30";5;2;7;0
"47";0;"2020-03-30";27;7;6;3
"48";0;"2020-03-30";8;2;6;0
"49";0;"2020-03-30";125;30;94;14
"50";0;"2020-03-30";46;15;14;7
"51";0;"2020-03-30";269;62;137;41
"52";0;"2020-03-30";55;11;17;8
"53";0;"2020-03-30";56;8;4;7
"54";0;"2020-03-30";372;146;89;50
"55";0;"2020-03-30";148;15;55;17
"56";0;"2020-03-30";106;29;79;29
"57";0;"2020-03-30";871;170;235;182
"58";0;"2020-03-30";12;7;1;0
"59";0;"2020-03-30";512;180;135;55
"60";0;"2020-03-30";276;52;139;90
"61";0;"2020-03-30";28;6;29;1
"62";0;"2020-03-30";191;75;83;17
"63";0;"2020-03-30";61;31;16;1
"64";0;"2020-03-30";55;15;34;9
"65";0;"2020-03-30";29;7;9;1
"66";0;"2020-03-30";123;37;60;13
"67";0;"2020-03-30";912;249;287;153
"68";0;"2020-03-30";1027;139;567;380
"69";0;"2020-03-30";985;235;302;123
"70";0;"2020-03-30";63;16;38;14
"71";0;"2020-03-30";187;34;167;43
"72";0;"2020-03-30";98;23;30;5
"73";0;"2020-03-30";85;24;35;5
"74";0;"2020-03-30";242;60;144;27
"75";0;"2020-03-30";2217;597;607;306
"76";0;"2020-03-30";271;73;49;24
"77";0;"2020-03-30";468;138;160;45
"78";0;"2020-03-30";594;137;232;80
"79";0;"2020-03-30";25;3;18;2
"80";0;"2020-03-30";241;59;73;36
"81";0;"2020-03-30";39;17;10;2
"82";0;"2020-03-30";7;5;3;1
"83";0;"2020-03-30";170;43;156;18
"84";0;"2020-03-30";63;20;40;5
"85";0;"2020-03-30";75;15;14;4
"86";0;"2020-03-30";41;13;20;9
"87";0;"2020-03-30";55;13;6;5
"88";0;"2020-03-30";196;28;92;81
"89";0;"2020-03-30";52;15;8;4
"90";0;"2020-03-30";177;40;73;61
"91";0;"2020-03-30";586;141;133;43
"92";0;"2020-03-30";1286;293;378;127
"93";0;"2020-03-30";863;163;222;124
"94";0;"2020-03-30";1030;186;299;102
"95";0;"2020-03-30";645;137;363;127
"971";0;"2020-03-30";35;11;18;4
"972";0;"2020-03-30";57;15;17;3
"973";0;"2020-03-30";0;0;0;0
"974";0;"2020-03-30";56;4;6;0
"976";0;"2020-03-30";0;0;0;0
"01";0;"2020-03-31";72;16;33;10
"02";0;"2020-03-31";144;37;108;51
"03";0;"2020-03-31";36;13;41;5
"04";0;"2020-03-31";20;4;31;2
"05";0;"2020-03-31";42;7;36;1
"06";0;"2020-03-31";132;34;124;23
"07";0;"2020-03-31";87;11;99;13
"08";0;"2020-03-31";48;17;8;0
"09";0;"2020-03-31";12;3;6;0
"10";0;"2020-03-31";79;13;4;8
"11";0;"2020-03-31";75;18;39;19
"12";0;"2020-03-31";43;10;21;6
"13";0;"2020-03-31";862;193;485;47
"14";0;"2020-03-31";96;35;22;7
"15";0;"2020-03-31";12;5;2;0
"16";0;"2020-03-31";14;6;14;2
"17";0;"2020-03-31";56;24;27;9
"18";0;"2020-03-31";38;14;4;8
"19";0;"2020-03-31";38;7;5;3
"21";0;"2020-03-31";166;40;220;42
"22";0;"2020-03-31";39;5;10;4
"23";0;"2020-03-31";9;4;1;0
"24";0;"2020-03-31";10;3;6;1
"25";0;"2020-03-31";148;51;107;34
"26";0;"2020-03-31";214;61;64;39
"27";0;"2020-03-31";43;15;14;8
"28";0;"2020-03-31";121;27;27;17
"29";0;"2020-03-31";49;12;37;7
"2A";0;"2020-03-31";89;21;45;18
"2B";0;"2020-03-31";10;1;55;2
"30";0;"2020-03-31";55;20;24;10
"31";0;"2020-03-31";219;83;90;7
"32";0;"2020-03-31";19;4;3;2
"33";0;"2020-03-31";300;81;189;30
"34";0;"2020-03-31";236;69;145;29
"35";0;"2020-03-31";94;22;59;9
"36";0;"2020-03-31";43;8;3;13
"37";0;"2020-03-31";101;29;27;5
"38";0;"2020-03-31";175;54;74;13
"39";0;"2020-03-31";52;9;21;3
"40";0;"2020-03-31";15;5;7;1
"41";0;"2020-03-31";49;10;16;4
"42";0;"2020-03-31";415;83;77;44
"43";0;"2020-03-31";16;5;16;3
"44";0;"2020-03-31";159;50;71;31
"45";0;"2020-03-31";151;46;36;13
"46";0;"2020-03-31";5;2;7;0
"47";0;"2020-03-31";25;6;8;3
"48";0;"2020-03-31";7;2;7;0
"49";0;"2020-03-31";144;34;112;18
"50";0;"2020-03-31";46;16;16;10
"51";0;"2020-03-31";324;61;170;46
"52";0;"2020-03-31";65;13;19;8
"53";0;"2020-03-31";55;9;8;8
"54";0;"2020-03-31";391;150;95;59
"55";0;"2020-03-31";141;16;69;22
"56";0;"2020-03-31";117;30;81;30
"57";0;"2020-03-31";947;180;259;193
"58";0;"2020-03-31";12;8;1;2
"59";0;"2020-03-31";573;210;179;66
"60";0;"2020-03-31";278;56;150;99
"61";0;"2020-03-31";37;6;35;3
"62";0;"2020-03-31";215;84;94;19
"63";0;"2020-03-31";59;31;18;1
"64";0;"2020-03-31";72;26;37;10
"65";0;"2020-03-31";28;7;12;1
"66";0;"2020-03-31";122;35;78;14
"67";0;"2020-03-31";963;254;325;180
"68";0;"2020-03-31";1041;156;653;411
"69";0;"2020-03-31";1054;247;345;132
"70";0;"2020-03-31";69;15;45;19
"71";0;"2020-03-31";191;30;181;48
"72";0;"2020-03-31";101;24;42;9
"73";0;"2020-03-31";101;30;54;5
"74";0;"2020-03-31";246;68;159;30
"75";0;"2020-03-31";2434;663;730;362
"76";0;"2020-03-31";313;89;64;34
"77";0;"2020-03-31";534;147;202;63
"78";0;"2020-03-31";706;158;287;98
"79";0;"2020-03-31";29;6;19;2
"80";0;"2020-03-31";254;63;97;45
"81";0;"2020-03-31";45;18;11;2
"82";0;"2020-03-31";8;5;3;1
"83";0;"2020-03-31";180;52;178;24
"84";0;"2020-03-31";60;21;43;6
"85";0;"2020-03-31";51;15;23;5
"86";0;"2020-03-31";43;21;26;12
"87";0;"2020-03-31";61;13;9;5
"88";0;"2020-03-31";247;30;102;88
"89";0;"2020-03-31";75;16;9;5
"90";0;"2020-03-31";201;43;91;61
"91";0;"2020-03-31";639;161;152;52
"92";0;"2020-03-31";1446;324;458;149
"93";0;"2020-03-31";964;190;310;161
"94";0;"2020-03-31";1170;189;365;148
"95";0;"2020-03-31";722;145;403;143
"971";0;"2020-03-31";37;12;19;5
"972";0;"2020-03-31";64;18;20;3
"973";0;"2020-03-31";0;0;0;0
"974";0;"2020-03-31";57;6;10;0
"976";0;"2020-03-31";0;0;0;0
"01";0;"2020-04-01";92;28;43;12
"02";0;"2020-04-01";164;40;121;59
"03";0;"2020-04-01";38;13;48;5
"04";0;"2020-04-01";22;5;33;2
"05";0;"2020-04-01";52;11;36;1
"06";0;"2020-04-01";149;41;132;29
"07";0;"2020-04-01";85;11;110;17
"08";0;"2020-04-01";54;16;8;1
"09";0;"2020-04-01";16;6;7;0
"10";0;"2020-04-01";86;15;21;18
"11";0;"2020-04-01";80;20;46;21
"12";0;"2020-04-01";46;10;21;7
"13";0;"2020-04-01";887;209;575;55
"14";0;"2020-04-01";111;41;29;8
"15";0;"2020-04-01";12;6;3;0
"16";0;"2020-04-01";17;7;16;2
"17";0;"2020-04-01";65;24;31;10
"18";0;"2020-04-01";40;15;4;11
"19";0;"2020-04-01";39;8;8;4
"21";0;"2020-04-01";190;44;244;45
"22";0;"2020-04-01";47;5;13;6
"23";0;"2020-04-01";11;4;1;0
"24";0;"2020-04-01";13;4;8;1
"25";0;"2020-04-01";161;53;117;34
"26";0;"2020-04-01";240;62;76;40
"27";0;"2020-04-01";43;10;21;8
"28";0;"2020-04-01";121;29;34;17
"29";0;"2020-04-01";56;17;41;7
"2A";0;"2020-04-01";88;24;45;19
"2B";0;"2020-04-01";8;1;57;2
"30";0;"2020-04-01";74;26;25;10
"31";0;"2020-04-01";216;91;108;11
"32";0;"2020-04-01";25;4;4;3
"33";0;"2020-04-01";296;88;225;32
"34";0;"2020-04-01";238;76;169;35
"35";0;"2020-04-01";106;25;62;10
"36";0;"2020-04-01";51;6;4;17
"37";0;"2020-04-01";113;35;37;11
"38";0;"2020-04-01";186;58;91;15
"39";0;"2020-04-01";55;9;25;4
"40";0;"2020-04-01";16;6;7;1
"41";0;"2020-04-01";58;11;17;7
"42";0;"2020-04-01";414;87;106;57
"43";0;"2020-04-01";17;5;18;3
"44";0;"2020-04-01";188;45;81;36
"45";0;"2020-04-01";179;57;42;14
"46";0;"2020-04-01";8;3;13;0
"47";0;"2020-04-01";29;6;8;3
"48";0;"2020-04-01";9;2;7;0
"49";0;"2020-04-01";150;40;127;18
"50";0;"2020-04-01";54;19;18;10
"51";0;"2020-04-01";329;61;196;53
"52";0;"2020-04-01";66;12;20;8
"53";0;"2020-04-01";56;9;11;8
"54";0;"2020-04-01";411;156;132;75
"55";0;"2020-04-01";162;19;78;22
"56";0;"2020-04-01";133;32;86;32
"57";0;"2020-04-01";1021;181;305;212
"58";0;"2020-04-01";12;9;1;3
"59";0;"2020-04-01";613;221;215;81
"60";0;"2020-04-01";293;60;183;119
"61";0;"2020-04-01";49;6;42;5
"62";0;"2020-04-01";275;93;104;23
"63";0;"2020-04-01";77;31;23;2
"64";0;"2020-04-01";73;27;46;10
"65";0;"2020-04-01";39;7;14;1
"66";0;"2020-04-01";111;35;95;15
"67";0;"2020-04-01";1005;267;408;206
"68";0;"2020-04-01";1083;157;686;437
"69";0;"2020-04-01";1114;264;404;153
"70";0;"2020-04-01";68;16;55;22
"71";0;"2020-04-01";173;33;96;50
"72";0;"2020-04-01";99;23;50;13
"73";0;"2020-04-01";110;32;87;6
"74";0;"2020-04-01";250;75;184;39
"75";0;"2020-04-01";2633;720;863;404
"76";0;"2020-04-01";306;88;91;38
"77";0;"2020-04-01";565;160;262;81
"78";0;"2020-04-01";815;178;347;119
"79";0;"2020-04-01";33;6;22;2
"80";0;"2020-04-01";270;64;100;48
"81";0;"2020-04-01";53;19;12;3
"82";0;"2020-04-01";11;5;3;2
"83";0;"2020-04-01";177;46;192;27
"84";0;"2020-04-01";70;20;48;10
"85";0;"2020-04-01";56;16;27;7
"86";0;"2020-04-01";47;20;27;12
"87";0;"2020-04-01";61;15;15;5
"88";0;"2020-04-01";253;34;121;94
"89";0;"2020-04-01";85;21;13;8
"90";0;"2020-04-01";219;44;91;64
"91";0;"2020-04-01";687;172;166;63
"92";0;"2020-04-01";1638;355;517;173
"93";0;"2020-04-01";1173;228;358;187
"94";0;"2020-04-01";1368;241;446;186
"95";0;"2020-04-01";730;150;473;156
"971";0;"2020-04-01";35;12;25;7
"972";0;"2020-04-01";63;19;25;3
"973";0;"2020-04-01";5;0;5;0
"974";0;"2020-04-01";53;3;20;0
"976";0;"2020-04-01";0;0;1;0
"01";0;"2020-04-02";105;33;62;14
"02";0;"2020-04-02";186;38;148;67
"03";0;"2020-04-02";36;14;54;6
"04";0;"2020-04-02";25;5;45;3
"05";0;"2020-04-02";59;16;37;1
"06";0;"2020-04-02";182;61;141;32
"07";0;"2020-04-02";83;13;120;23
"08";0;"2020-04-02";66;17;10;1
"09";0;"2020-04-02";17;6;8;1
"10";0;"2020-04-02";104;17;24;20
"11";0;"2020-04-02";101;19;52;21
"12";0;"2020-04-02";52;11;24;7
"13";0;"2020-04-02";946;216;606;65
"14";0;"2020-04-02";126;46;29;9
"15";0;"2020-04-02";21;7;3;0
"16";0;"2020-04-02";19;8;17;3
"17";0;"2020-04-02";66;25;33;11
"18";0;"2020-04-02";38;14;7;14
"19";0;"2020-04-02";38;8;11;4
"21";0;"2020-04-02";202;56;273;63
"22";0;"2020-04-02";59;16;16;9
"23";0;"2020-04-02";11;5;2;0
"24";0;"2020-04-02";15;4;11;1
"25";0;"2020-04-02";186;62;130;35
"26";0;"2020-04-02";229;62;92;44
"27";0;"2020-04-02";54;10;19;10
"28";0;"2020-04-02";146;31;53;18
"29";0;"2020-04-02";66;27;48;7
"2A";0;"2020-04-02";74;22;47;21
"2B";0;"2020-04-02";12;3;63;2
"30";0;"2020-04-02";74;30;34;11
"31";0;"2020-04-02";214;95;125;13
"32";0;"2020-04-02";27;5;6;3
"33";0;"2020-04-02";298;86;264;33
"34";0;"2020-04-02";245;78;186;39
"35";0;"2020-04-02";128;38;68;12
"36";0;"2020-04-02";49;7;7;17
"37";0;"2020-04-02";138;43;40;12
"38";0;"2020-04-02";199;58;96;16
"39";0;"2020-04-02";55;10;29;4
"40";0;"2020-04-02";17;6;10;1
"41";0;"2020-04-02";73;14;18;7
"42";0;"2020-04-02";435;94;120;62
"43";0;"2020-04-02";17;5;20;3
"44";0;"2020-04-02";204;52;91;38
"45";0;"2020-04-02";196;63;54;16
"46";0;"2020-04-02";13;6;14;0
"47";0;"2020-04-02";30;7;8;3
"48";0;"2020-04-02";9;1;8;0
"49";0;"2020-04-02";144;40;146;23
"50";0;"2020-04-02";57;21;23;11
"51";0;"2020-04-02";365;65;215;58
"52";0;"2020-04-02";66;12;23;8
"53";0;"2020-04-02";60;10;14;8
"54";0;"2020-04-02";465;166;154;85
"55";0;"2020-04-02";153;21;93;23
"56";0;"2020-04-02";138;30;95;35
"57";0;"2020-04-02";1030;175;362;242
"58";0;"2020-04-02";15;7;2;4
"59";0;"2020-04-02";703;239;257;101
"60";0;"2020-04-02";354;73;215;126
"61";0;"2020-04-02";58;8;42;7
"62";0;"2020-04-02";290;99;128;27
"63";0;"2020-04-02";74;33;29;3
"64";0;"2020-04-02";74;29;62;12
"65";0;"2020-04-02";41;6;16;3
"66";0;"2020-04-02";112;34;104;16
"67";0;"2020-04-02";1037;272;442;224
"68";0;"2020-04-02";1105;161;763;418
"69";0;"2020-04-02";1138;264;454;173
"70";0;"2020-04-02";77;15;60;28
"71";0;"2020-04-02";169;35;116;53
"72";0;"2020-04-02";106;22;58;16
"73";0;"2020-04-02";115;36;107;14
"74";0;"2020-04-02";254;81;217;46
"75";0;"2020-04-02";2838;782;954;455
"76";0;"2020-04-02";335;100;111;44
"77";0;"2020-04-02";619;170;307;95
"78";0;"2020-04-02";837;180;394;137
"79";0;"2020-04-02";29;6;27;5
"80";0;"2020-04-02";292;69;109;49
"81";0;"2020-04-02";59;24;17;3
"82";0;"2020-04-02";12;6;3;2
"83";0;"2020-04-02";198;50;195;28
"84";0;"2020-04-02";82;22;51;12
"85";0;"2020-04-02";57;17;29;7
"86";0;"2020-04-02";44;20;30;15
"87";0;"2020-04-02";64;17;20;6
"88";0;"2020-04-02";266;43;141;99
"89";0;"2020-04-02";97;19;15;9
"90";0;"2020-04-02";216;46;121;75
"91";0;"2020-04-02";758;183;196;80
"92";0;"2020-04-02";1748;360;610;211
"93";0;"2020-04-02";1208;221;399;208
"94";0;"2020-04-02";1474;251;500;211
"95";0;"2020-04-02";791;154;527;174
"971";0;"2020-04-02";37;16;28;7
"972";0;"2020-04-02";57;20;31;3
"973";0;"2020-04-02";5;0;6;0
"974";0;"2020-04-02";54;2;24;0
"976";0;"2020-04-02";9;3;2;2
"01";0;"2020-04-03";100;31;74;17
"02";0;"2020-04-03";210;39;162;85
"03";0;"2020-04-03";40;13;54;7
"04";0;"2020-04-03";29;6;45;3
"05";0;"2020-04-03";64;16;37;1
"06";0;"2020-04-03";203;65;149;35
"07";0;"2020-04-03";95;16;125;24
"08";0;"2020-04-03";67;17;13;2
"09";0;"2020-04-03";16;6;8;1
"10";0;"2020-04-03";110;17;25;21
"11";0;"2020-04-03";99;19;55;24
"12";0;"2020-04-03";60;11;26;8
"13";0;"2020-04-03";1022;236;671;79
"14";0;"2020-04-03";131;47;37;11
"15";0;"2020-04-03";24;7;3;0
"16";0;"2020-04-03";18;7;21;3
"17";0;"2020-04-03";74;25;32;11
"18";0;"2020-04-03";43;13;10;14
"19";0;"2020-04-03";42;8;14;4
"21";0;"2020-04-03";212;62;290;67
"22";0;"2020-04-03";65;17;20;9
"23";0;"2020-04-03";11;5;2;0
"24";0;"2020-04-03";20;5;11;1
"25";0;"2020-04-03";173;72;151;43
"26";0;"2020-04-03";250;67;105;52
"27";0;"2020-04-03";63;12;22;11
"28";0;"2020-04-03";151;28;64;21
"29";0;"2020-04-03";74;32;55;7
"2A";0;"2020-04-03";72;22;48;24
"2B";0;"2020-04-03";16;3;68;2
"30";0;"2020-04-03";70;30;38;13
"31";0;"2020-04-03";226;97;136;13
"32";0;"2020-04-03";27;5;6;5
"33";0;"2020-04-03";311;87;281;36
"34";0;"2020-04-03";264;80;201;43
"35";0;"2020-04-03";129;36;72;16
"36";0;"2020-04-03";47;9;7;17
"37";0;"2020-04-03";148;46;47;16
"38";0;"2020-04-03";202;62;108;21
"39";0;"2020-04-03";60;11;36;10
"40";0;"2020-04-03";17;7;12;1
"41";0;"2020-04-03";67;13;32;10
"42";0;"2020-04-03";449;97;153;69
"43";0;"2020-04-03";20;5;23;3
"44";0;"2020-04-03";216;60;109;43
"45";0;"2020-04-03";218;73;65;20
"46";0;"2020-04-03";19;4;17;0
"47";0;"2020-04-03";29;7;11;3
"48";0;"2020-04-03";9;1;8;0
"49";0;"2020-04-03";152;53;163;27
"50";0;"2020-04-03";59;21;27;10
"51";0;"2020-04-03";355;68;237;67
"52";0;"2020-04-03";82;15;34;18
"53";0;"2020-04-03";66;12;14;9
"54";0;"2020-04-03";501;180;189;96
"55";0;"2020-04-03";154;20;105;25
"56";0;"2020-04-03";143;29;98;37
"57";0;"2020-04-03";1026;168;432;282
"58";0;"2020-04-03";21;7;2;5
"59";0;"2020-04-03";729;248;301;123
"60";0;"2020-04-03";356;72;243;141
"61";0;"2020-04-03";59;9;45;8
"62";0;"2020-04-03";343;116;157;34
"63";0;"2020-04-03";71;31;35;4
"64";0;"2020-04-03";77;30;54;13
"65";0;"2020-04-03";40;6;19;3
"66";0;"2020-04-03";103;34;122;16
"67";0;"2020-04-03";1064;283;528;252
"68";0;"2020-04-03";1100;163;820;441
"69";0;"2020-04-03";1202;276;510;184
"70";0;"2020-04-03";81;14;63;30
"71";0;"2020-04-03";163;36;137;60
"72";0;"2020-04-03";109;25;70;18
"73";0;"2020-04-03";109;36;118;15
"74";0;"2020-04-03";276;84;229;52
"75";0;"2020-04-03";2897;783;1092;512
"76";0;"2020-04-03";338;108;127;53
"77";0;"2020-04-03";694;183;351;107
"78";0;"2020-04-03";858;185;436;155
"79";0;"2020-04-03";28;7;26;6
"80";0;"2020-04-03";329;72;121;55
"81";0;"2020-04-03";60;23;18;3
"82";0;"2020-04-03";14;6;3;2
"83";0;"2020-04-03";197;51;215;30
"84";0;"2020-04-03";78;23;60;13
"85";0;"2020-04-03";65;19;31;12
"86";0;"2020-04-03";47;20;32;15
"87";0;"2020-04-03";61;17;25;7
"88";0;"2020-04-03";253;40;160;107
"89";0;"2020-04-03";101;20;25;10
"90";0;"2020-04-03";217;43;131;78
"91";0;"2020-04-03";831;185;227;92
"92";0;"2020-04-03";1848;381;703;237
"93";0;"2020-04-03";1267;224;452;240
"94";0;"2020-04-03";1613;283;571;248
"95";0;"2020-04-03";816;151;585;200
"971";0;"2020-04-03";36;17;34;8
"972";0;"2020-04-03";53;19;34;3
"973";0;"2020-04-03";7;1;6;0
"974";0;"2020-04-03";53;2;29;0
"976";0;"2020-04-03";18;3;2;2
"01";0;"2020-04-04";109;32;83;22
"02";0;"2020-04-04";223;40;180;94
"03";0;"2020-04-04";44;12;56;7
"04";0;"2020-04-04";29;5;44;3
"05";0;"2020-04-04";60;17;42;1
"06";0;"2020-04-04";217;77;167;38
"07";0;"2020-04-04";87;15;132;26
"08";0;"2020-04-04";68;18;20;3
"09";0;"2020-04-04";15;5;10;1
"10";0;"2020-04-04";141;22;27;31
"11";0;"2020-04-04";102;20;57;24
"12";0;"2020-04-04";58;11;31;10
"13";0;"2020-04-04";1040;242;730;90
"14";0;"2020-04-04";130;51;50;13
"15";0;"2020-04-04";25;7;3;0
"16";0;"2020-04-04";17;7;22;3
"17";0;"2020-04-04";79;25;36;11
"18";0;"2020-04-04";47;16;11;15
"19";0;"2020-04-04";43;7;15;7
"21";0;"2020-04-04";255;66;297;69
"22";0;"2020-04-04";62;17;25;10
"23";0;"2020-04-04";12;5;3;1
"24";0;"2020-04-04";25;6;13;1
"25";0;"2020-04-04";175;76;168;46
"26";0;"2020-04-04";254;69;119;55
"27";0;"2020-04-04";69;12;22;12
"28";0;"2020-04-04";162;28;76;24
"29";0;"2020-04-04";79;33;56;8
"2A";0;"2020-04-04";80;23;46;24
"2B";0;"2020-04-04";17;3;70;2
"30";0;"2020-04-04";66;29;41;14
"31";0;"2020-04-04";227;105;150;14
"32";0;"2020-04-04";27;5;7;7
"33";0;"2020-04-04";305;92;304;40
"34";0;"2020-04-04";252;77;216;51
"35";0;"2020-04-04";131;38;82;17
"36";0;"2020-04-04";56;11;9;17
"37";0;"2020-04-04";170;55;55;17
"38";0;"2020-04-04";204;62;124;23
"39";0;"2020-04-04";70;11;39;13
"40";0;"2020-04-04";22;12;12;1
"41";0;"2020-04-04";67;14;34;12
"42";0;"2020-04-04";466;102;164;70
"43";0;"2020-04-04";23;6;25;3
"44";0;"2020-04-04";244;63;121;45
"45";0;"2020-04-04";228;70;86;21
"46";0;"2020-04-04";17;4;19;0
"47";0;"2020-04-04";28;7;12;3
"48";0;"2020-04-04";8;1;9;0
"49";0;"2020-04-04";157;55;166;29
"50";0;"2020-04-04";65;21;29;11
"51";0;"2020-04-04";384;71;253;70
"52";0;"2020-04-04";99;16;44;23
"53";0;"2020-04-04";75;14;14;11
"54";0;"2020-04-04";497;178;210;102
"55";0;"2020-04-04";159;21;115;27
"56";0;"2020-04-04";136;24;110;40
"57";0;"2020-04-04";1028;167;473;312
"58";0;"2020-04-04";27;8;5;5
"59";0;"2020-04-04";773;258;339;134
"60";0;"2020-04-04";344;71;270;149
"61";0;"2020-04-04";63;13;50;8
"62";0;"2020-04-04";363;122;178;42
"63";0;"2020-04-04";69;33;46;4
"64";0;"2020-04-04";80;29;65;13
"65";0;"2020-04-04";43;5;22;5
"66";0;"2020-04-04";107;36;125;17
"67";0;"2020-04-04";1054;277;585;262
"68";0;"2020-04-04";1024;150;891;458
"69";0;"2020-04-04";1215;290;570;198
"70";0;"2020-04-04";80;16;69;33
"71";0;"2020-04-04";162;37;146;63
"72";0;"2020-04-04";105;23;78;18
"73";0;"2020-04-04";114;36;120;15
"74";0;"2020-04-04";264;85;252;55
"75";0;"2020-04-04";2999;809;1212;548
"76";0;"2020-04-04";350;112;145;55
"77";0;"2020-04-04";673;178;420;121
"78";0;"2020-04-04";913;189;454;168
"79";0;"2020-04-04";26;9;11;8
"80";0;"2020-04-04";332;70;155;69
"81";0;"2020-04-04";61;23;19;3
"82";0;"2020-04-04";14;7;3;2
"83";0;"2020-04-04";217;53;225;32
"84";0;"2020-04-04";78;23;64;14
"85";0;"2020-04-04";68;20;38;15
"86";0;"2020-04-04";45;20;34;16
"87";0;"2020-04-04";67;20;26;7
"88";0;"2020-04-04";248;40;183;114
"89";0;"2020-04-04";102;19;31;11
"90";0;"2020-04-04";204;41;155;83
"91";0;"2020-04-04";911;192;251;106
"92";0;"2020-04-04";1929;389;765;268
"93";0;"2020-04-04";1310;228;503;263
"94";0;"2020-04-04";1651;291;641;280
"95";0;"2020-04-04";828;160;635;213
"971";0;"2020-04-04";36;17;35;8
"972";0;"2020-04-04";51;18;35;3
"973";0;"2020-04-04";7;1;6;0
"974";0;"2020-04-04";46;4;39;0
"976";0;"2020-04-04";15;3;7;2
"01";0;"2020-04-05";112;30;86;24
"02";0;"2020-04-05";221;39;182;100
"03";0;"2020-04-05";45;16;59;8
"04";0;"2020-04-05";31;7;44;3
"05";0;"2020-04-05";59;17;45;1
"06";0;"2020-04-05";219;78;171;43
"07";0;"2020-04-05";93;15;131;26
"08";0;"2020-04-05";73;18;23;4
"09";0;"2020-04-05";18;5;10;1
"10";0;"2020-04-05";148;23;27;34
"11";0;"2020-04-05";95;18;63;27
"12";0;"2020-04-05";56;9;34;12
"13";0;"2020-04-05";1095;251;748;96
"14";0;"2020-04-05";142;54;51;16
"15";0;"2020-04-05";26;7;3;0
"16";0;"2020-04-05";17;6;23;5
"17";0;"2020-04-05";79;25;39;13
"18";0;"2020-04-05";49;16;12;19
"19";0;"2020-04-05";42;7;16;7
"21";0;"2020-04-05";259;65;307;73
"22";0;"2020-04-05";70;16;25;10
"23";0;"2020-04-05";12;5;3;1
"24";0;"2020-04-05";26;6;14;1
"25";0;"2020-04-05";183;73;178;49
"26";0;"2020-04-05";251;65;125;57
"27";0;"2020-04-05";68;12;22;13
"28";0;"2020-04-05";174;31;79;25
"29";0;"2020-04-05";82;34;59;9
"2A";0;"2020-04-05";78;23;48;24
"2B";0;"2020-04-05";17;3;69;2
"30";0;"2020-04-05";89;36;42;14
"31";0;"2020-04-05";226;102;156;15
"32";0;"2020-04-05";29;5;7;7
"33";0;"2020-04-05";305;90;317;42
"34";0;"2020-04-05";257;71;229;52
"35";0;"2020-04-05";136;38;83;17
"36";0;"2020-04-05";65;10;9;18
"37";0;"2020-04-05";166;53;64;18
"38";0;"2020-04-05";222;65;128;25
"39";0;"2020-04-05";78;11;42;14
"40";0;"2020-04-05";22;12;13;1
"41";0;"2020-04-05";66;14;36;12
"42";0;"2020-04-05";467;101;176;74
"43";0;"2020-04-05";25;6;27;3
"44";0;"2020-04-05";250;67;133;45
"45";0;"2020-04-05";231;70;98;23
"46";0;"2020-04-05";15;5;22;0
"47";0;"2020-04-05";31;7;12;3
"48";0;"2020-04-05";8;1;9;0
"49";0;"2020-04-05";161;55;171;33
"50";0;"2020-04-05";75;24;29;13
"51";0;"2020-04-05";391;71;253;70
"52";0;"2020-04-05";99;18;46;25
"53";0;"2020-04-05";74;14;17;11
"54";0;"2020-04-05";488;175;225;109
"55";0;"2020-04-05";157;21;118;28
"56";0;"2020-04-05";135;24;113;45
"57";0;"2020-04-05";1018;168;517;337
"58";0;"2020-04-05";34;11;6;5
"59";0;"2020-04-05";828;266;353;146
"60";0;"2020-04-05";358;73;276;151
"61";0;"2020-04-05";67;14;51;9
"62";0;"2020-04-05";363;122;188;46
"63";0;"2020-04-05";80;41;46;6
"64";0;"2020-04-05";77;29;68;14
"65";0;"2020-04-05";52;7;24;7
"66";0;"2020-04-05";102;31;134;17
"67";0;"2020-04-05";1078;268;617;277
"68";0;"2020-04-05";1019;150;933;470
"69";0;"2020-04-05";1250;304;595;214
"70";0;"2020-04-05";80;17;70;37
"71";0;"2020-04-05";173;37;148;65
"72";0;"2020-04-05";108;24;82;19
"73";0;"2020-04-05";118;35;121;15
"74";0;"2020-04-05";294;94;259;56
"75";0;"2020-04-05";3075;838;1309;593
"76";0;"2020-04-05";358;113;155;60
"77";0;"2020-04-05";709;187;435;126
"78";0;"2020-04-05";909;185;470;175
"79";0;"2020-04-05";29;9;10;8
"80";0;"2020-04-05";349;73;154;77
"81";0;"2020-04-05";61;24;21;4
"82";0;"2020-04-05";16;7;6;2
"83";0;"2020-04-05";238;58;230;36
"84";0;"2020-04-05";80;24;66;16
"85";0;"2020-04-05";74;21;38;15
"86";0;"2020-04-05";56;27;36;17
"87";0;"2020-04-05";66;20;28;8
"88";0;"2020-04-05";268;38;194;117
"89";0;"2020-04-05";101;18;31;12
"90";0;"2020-04-05";212;43;160;86
"91";0;"2020-04-05";931;198;274;115
"92";0;"2020-04-05";1950;413;837;293
"93";0;"2020-04-05";1338;229;517;285
"94";0;"2020-04-05";1729;290;663;302
"95";0;"2020-04-05";833;166;661;218
"971";0;"2020-04-05";36;18;36;8
"972";0;"2020-04-05";54;21;37;3
"973";0;"2020-04-05";7;1;6;0
"974";0;"2020-04-05";44;4;41;0
"976";0;"2020-04-05";17;3;8;2
"01";0;"2020-04-06";115;30;92;25
"02";0;"2020-04-06";223;36;187;106
"03";0;"2020-04-06";50;18;61;8
"04";0;"2020-04-06";35;5;49;4
"05";0;"2020-04-06";63;17;46;2
"06";0;"2020-04-06";233;80;180;47
"07";0;"2020-04-06";102;16;140;30
"08";0;"2020-04-06";73;18;30;6
"09";0;"2020-04-06";18;4;11;1
"10";0;"2020-04-06";151;23;27;35
"11";0;"2020-04-06";76;15;67;31
"12";0;"2020-04-06";59;9;35;12
"13";0;"2020-04-06";1169;254;793;121
"14";0;"2020-04-06";146;59;58;23
"15";0;"2020-04-06";28;7;3;0
"16";0;"2020-04-06";15;6;24;6
"17";0;"2020-04-06";81;26;41;15
"18";0;"2020-04-06";55;15;14;22
"19";0;"2020-04-06";44;8;17;9
"21";0;"2020-04-06";284;76;311;76
"22";0;"2020-04-06";75;17;29;11
"23";0;"2020-04-06";11;5;4;3
"24";0;"2020-04-06";28;6;15;1
"25";0;"2020-04-06";183;75;184;51
"26";0;"2020-04-06";260;71;133;63
"27";0;"2020-04-06";67;11;23;15
"28";0;"2020-04-06";166;30;96;29
"29";0;"2020-04-06";93;40;60;9
"2A";0;"2020-04-06";76;22;48;27
"2B";0;"2020-04-06";16;2;67;3
"30";0;"2020-04-06";106;41;45;17
"31";0;"2020-04-06";235;107;161;17
"32";0;"2020-04-06";28;5;8;7
"33";0;"2020-04-06";312;91;331;47
"34";0;"2020-04-06";265;70;241;54
"35";0;"2020-04-06";156;49;88;20
"36";0;"2020-04-06";63;10;9;21
"37";0;"2020-04-06";181;57;66;22
"38";0;"2020-04-06";241;65;137;27
"39";0;"2020-04-06";77;10;42;17
"40";0;"2020-04-06";21;14;20;4
"41";0;"2020-04-06";83;14;37;13
"42";0;"2020-04-06";487;107;187;77
"43";0;"2020-04-06";30;6;29;3
"44";0;"2020-04-06";261;69;138;47
"45";0;"2020-04-06";245;77;107;25
"46";0;"2020-04-06";19;8;28;0
"47";0;"2020-04-06";31;7;12;3
"48";0;"2020-04-06";8;1;9;0
"49";0;"2020-04-06";165;53;176;39
"50";0;"2020-04-06";70;24;32;15
"51";0;"2020-04-06";389;67;271;80
"52";0;"2020-04-06";109;18;50;27
"53";0;"2020-04-06";76;14;17;11
"54";0;"2020-04-06";512;171;242;117
"55";0;"2020-04-06";169;23;124;31
"56";0;"2020-04-06";147;35;119;48
"57";0;"2020-04-06";1011;173;567;358
"58";0;"2020-04-06";36;10;6;6
"59";0;"2020-04-06";872;264;391;165
"60";0;"2020-04-06";377;72;284;161
"61";0;"2020-04-06";65;15;58;9
"62";0;"2020-04-06";391;123;201;55
"63";0;"2020-04-06";84;39;48;7
"64";0;"2020-04-06";85;27;69;15
"65";0;"2020-04-06";55;7;25;7
"66";0;"2020-04-06";105;32;140;18
"67";0;"2020-04-06";1078;267;649;287
"68";0;"2020-04-06";1040;141;955;508
"69";0;"2020-04-06";1223;295;640;233
"70";0;"2020-04-06";79;16;72;44
"71";0;"2020-04-06";193;38;170;69
"72";0;"2020-04-06";106;24;87;21
"73";0;"2020-04-06";118;34;127;18
"74";0;"2020-04-06";292;95;269;64
"75";0;"2020-04-06";3119;838;1383;646
"76";0;"2020-04-06";364;114;167;65
"77";0;"2020-04-06";692;189;490;149
"78";0;"2020-04-06";963;184;514;195
"79";0;"2020-04-06";28;9;11;8
"80";0;"2020-04-06";364;72;156;90
"81";0;"2020-04-06";55;24;27;5
"82";0;"2020-04-06";18;10;6;3
"83";0;"2020-04-06";240;62;246;41
"84";0;"2020-04-06";87;22;69;16
"85";0;"2020-04-06";77;22;38;16
"86";0;"2020-04-06";61;28;37;17
"87";0;"2020-04-06";66;20;29;10
"88";0;"2020-04-06";269;36;200;125
"89";0;"2020-04-06";103;18;37;15
"90";0;"2020-04-06";221;42;164;89
"91";0;"2020-04-06";943;206;306;139
"92";0;"2020-04-06";1978;428;919;320
"93";0;"2020-04-06";1406;235;570;296
"94";0;"2020-04-06";1811;292;694;351
"95";0;"2020-04-06";850;165;721;259
"971";0;"2020-04-06";40;18;37;8
"972";0;"2020-04-06";55;20;37;4
"973";0;"2020-04-06";7;1;6;0
"974";0;"2020-04-06";45;4;43;0
"976";0;"2020-04-06";16;3;13;2
"01";0;"2020-04-07";119;32;97;27
"02";0;"2020-04-07";255;35;218;115
"03";0;"2020-04-07";52;19;65;8
"04";0;"2020-04-07";29;3;56;4
"05";0;"2020-04-07";64;17;48;2
"06";0;"2020-04-07";252;81;192;48
"07";0;"2020-04-07";106;19;150;32
"08";0;"2020-04-07";80;18;37;6
"09";0;"2020-04-07";19;4;12;1
"10";0;"2020-04-07";157;25;30;38
"11";0;"2020-04-07";81;17;76;31
"12";0;"2020-04-07";55;9;42;13
"13";0;"2020-04-07";1074;249;929;137
"14";0;"2020-04-07";151;59;64;26
"15";0;"2020-04-07";26;9;6;0
"16";0;"2020-04-07";12;5;26;7
"17";0;"2020-04-07";89;26;46;19
"18";0;"2020-04-07";54;17;21;24
"19";0;"2020-04-07";41;8;23;11
"21";0;"2020-04-07";307;79;324;83
"22";0;"2020-04-07";69;13;42;13
"23";0;"2020-04-07";13;7;5;3
"24";0;"2020-04-07";26;6;20;1
"25";0;"2020-04-07";196;81;188;58
"26";0;"2020-04-07";244;68;159;64
"27";0;"2020-04-07";66;12;26;22
"28";0;"2020-04-07";171;29;104;31
"29";0;"2020-04-07";94;42;62;9
"2A";0;"2020-04-07";79;21;45;29
"2B";0;"2020-04-07";15;2;68;3
"30";0;"2020-04-07";110;43;56;17
"31";0;"2020-04-07";230;102;178;19
"32";0;"2020-04-07";26;5;13;8
"33";0;"2020-04-07";315;90;350;50
"34";0;"2020-04-07";254;70;272;57
"35";0;"2020-04-07";154;44;104;23
"36";0;"2020-04-07";63;10;14;23
"37";0;"2020-04-07";181;61;73;21
"38";0;"2020-04-07";248;66;146;30
"39";0;"2020-04-07";90;11;47;18
"40";0;"2020-04-07";26;14;24;6
"41";0;"2020-04-07";86;14;43;14
"42";0;"2020-04-07";478;103;217;88
"43";0;"2020-04-07";27;7;33;4
"44";0;"2020-04-07";264;64;160;51
"45";0;"2020-04-07";248;75;125;27
"46";0;"2020-04-07";19;8;33;0
"47";0;"2020-04-07";30;7;15;3
"48";0;"2020-04-07";6;1;11;0
"49";0;"2020-04-07";174;53;196;44
"50";0;"2020-04-07";66;23;40;17
"51";0;"2020-04-07";391;71;313;88
"52";0;"2020-04-07";115;17;55;35
"53";0;"2020-04-07";71;14;22;12
"54";0;"2020-04-07";496;173;287;126
"55";0;"2020-04-07";168;23;141;33
"56";0;"2020-04-07";144;34;127;52
"57";0;"2020-04-07";1020;173;630;389
"58";0;"2020-04-07";34;9;8;7
"59";0;"2020-04-07";891;279;454;182
"60";0;"2020-04-07";408;71;314;178
"61";0;"2020-04-07";68;15;67;11
"62";0;"2020-04-07";431;123;222;64
"63";0;"2020-04-07";77;39;59;11
"64";0;"2020-04-07";81;28;74;15
"65";0;"2020-04-07";57;6;29;7
"66";0;"2020-04-07";98;35;152;19
"67";0;"2020-04-07";1083;265;710;305
"68";0;"2020-04-07";1056;150;1036;526
"69";0;"2020-04-07";1174;273;757;249
"70";0;"2020-04-07";84;17;82;45
"71";0;"2020-04-07";191;36;192;74
"72";0;"2020-04-07";113;23;95;21
"73";0;"2020-04-07";123;32;140;19
"74";0;"2020-04-07";285;88;296;68
"75";0;"2020-04-07";3169;849;1507;683
"76";0;"2020-04-07";362;116;195;71
"77";0;"2020-04-07";740;192;546;161
"78";0;"2020-04-07";992;189;551;209
"79";0;"2020-04-07";32;8;14;8
"80";0;"2020-04-07";351;75;185;96
"81";0;"2020-04-07";58;27;34;5
"82";0;"2020-04-07";18;9;6;3
"83";0;"2020-04-07";233;61;264;46
"84";0;"2020-04-07";86;23;85;16
"85";0;"2020-04-07";72;22;44;16
"86";0;"2020-04-07";59;25;40;19
"87";0;"2020-04-07";68;19;32;10
"88";0;"2020-04-07";253;35;222;128
"89";0;"2020-04-07";94;19;48;17
"90";0;"2020-04-07";216;43;188;94
"91";0;"2020-04-07";958;215;363;147
"92";0;"2020-04-07";1932;440;1085;377
"93";0;"2020-04-07";1461;241;628;368
"94";0;"2020-04-07";1956;302;784;400
"95";0;"2020-04-07";866;173;761;282
"971";0;"2020-04-07";34;17;43;8
"972";0;"2020-04-07";51;19;41;4
"973";0;"2020-04-07";7;1;8;0
"974";0;"2020-04-07";37;4;52;0
"976";0;"2020-04-07";16;3;17;2
"01";0;"2020-04-08";124;34;105;31
"02";0;"2020-04-08";260;39;230;119
"03";0;"2020-04-08";53;21;67;10
"04";0;"2020-04-08";30;3;58;4
"05";0;"2020-04-08";61;16;53;2
"06";0;"2020-04-08";258;87;208;56
"07";0;"2020-04-08";107;20;156;35
"08";0;"2020-04-08";75;17;39;7
"09";0;"2020-04-08";20;4;10;1
"10";0;"2020-04-08";153;24;54;47
"11";0;"2020-04-08";73;14;79;34
"12";0;"2020-04-08";52;8;47;14
"13";0;"2020-04-08";1107;253;991;144
"14";0;"2020-04-08";156;57;68;29
"15";0;"2020-04-08";26;9;8;0
"16";0;"2020-04-08";11;4;28;8
"17";0;"2020-04-08";91;24;50;21
"18";0;"2020-04-08";51;15;25;26
"19";0;"2020-04-08";43;9;26;11
"21";0;"2020-04-08";310;74;336;94
"22";0;"2020-04-08";66;13;45;14
"23";0;"2020-04-08";28;9;5;4
"24";0;"2020-04-08";23;6;23;1
"25";0;"2020-04-08";199;81;205;59
"26";0;"2020-04-08";247;66;168;69
"27";0;"2020-04-08";50;6;40;28
"28";0;"2020-04-08";177;31;124;36
"29";0;"2020-04-08";102;43;66;11
"2A";0;"2020-04-08";81;19;45;29
"2B";0;"2020-04-08";9;2;65;3
"30";0;"2020-04-08";104;41;66;21
"31";0;"2020-04-08";229;108;191;21
"32";0;"2020-04-08";29;4;14;8
"33";0;"2020-04-08";290;89;392;58
"34";0;"2020-04-08";240;69;299;60
"35";0;"2020-04-08";162;46;113;27
"36";0;"2020-04-08";63;11;16;25
"37";0;"2020-04-08";192;60;82;23
"38";0;"2020-04-08";228;55;172;35
"39";0;"2020-04-08";100;12;50;19
"40";0;"2020-04-08";29;14;25;6
"41";0;"2020-04-08";91;16;47;16
"42";0;"2020-04-08";475;104;243;90
"43";0;"2020-04-08";22;7;39;4
"44";0;"2020-04-08";263;66;179;54
"45";0;"2020-04-08";263;80;141;28
"46";0;"2020-04-08";17;9;39;1
"47";0;"2020-04-08";29;7;16;3
"48";0;"2020-04-08";6;1;11;0
"49";0;"2020-04-08";182;52;206;47
"50";0;"2020-04-08";65;23;43;17
"51";0;"2020-04-08";374;63;347;104
"52";0;"2020-04-08";107;16;58;37
"53";0;"2020-04-08";74;15;25;13
"54";0;"2020-04-08";480;163;334;136
"55";0;"2020-04-08";164;23;147;39
"56";0;"2020-04-08";154;34;149;55
"57";0;"2020-04-08";1002;167;692;414
"58";0;"2020-04-08";36;9;11;7
"59";0;"2020-04-08";895;273;526;197
"60";0;"2020-04-08";424;70;360;188
"61";0;"2020-04-08";68;14;78;12
"62";0;"2020-04-08";434;119;258;74
"63";0;"2020-04-08";74;37;66;14
"64";0;"2020-04-08";88;28;79;14
"65";0;"2020-04-08";62;7;33;7
"66";0;"2020-04-08";91;31;162;19
"67";0;"2020-04-08";1077;274;782;318
"68";0;"2020-04-08";1028;152;1106;548
"69";0;"2020-04-08";1150;271;834;273
"70";0;"2020-04-08";87;18;85;45
"71";0;"2020-04-08";191;36;211;75
"72";0;"2020-04-08";116;24;105;22
"73";0;"2020-04-08";122;31;149;20
"74";0;"2020-04-08";280;81;323;73
"75";0;"2020-04-08";3154;855;1654;732
"76";0;"2020-04-08";341;113;224;79
"77";0;"2020-04-08";734;198;631;178
"78";0;"2020-04-08";1040;193;598;219
"79";0;"2020-04-08";33;9;17;9
"80";0;"2020-04-08";353;72;201;101
"81";0;"2020-04-08";57;22;36;6
"82";0;"2020-04-08";20;11;6;3
"83";0;"2020-04-08";258;56;278;44
"84";0;"2020-04-08";82;22;96;19
"85";0;"2020-04-08";65;21;55;17
"86";0;"2020-04-08";60;24;43;19
"87";0;"2020-04-08";72;19;35;11
"88";0;"2020-04-08";248;38;238;131
"89";0;"2020-04-08";95;19;58;17
"90";0;"2020-04-08";209;43;204;96
"91";0;"2020-04-08";1125;222;394;163
"92";0;"2020-04-08";1987;456;1172;396
"93";0;"2020-04-08";1499;242;714;402
"94";0;"2020-04-08";2046;335;873;453
"95";0;"2020-04-08";894;167;821;307
"971";0;"2020-04-08";33;16;46;10
"972";0;"2020-04-08";49;19;43;4
"973";0;"2020-04-08";9;1;8;0
"974";0;"2020-04-08";39;4;55;0
"976";0;"2020-04-08";15;4;25;2
"01";0;"2020-04-09";125;33;112;35
"02";0;"2020-04-09";270;39;249;128
"03";0;"2020-04-09";57;22;66;10
"04";0;"2020-04-09";31;3;58;4
"05";0;"2020-04-09";54;15;61;2
"06";0;"2020-04-09";264;84;219;61
"07";0;"2020-04-09";107;23;166;38
"08";0;"2020-04-09";78;18;44;9
"09";0;"2020-04-09";18;4;11;1
"10";0;"2020-04-09";202;27;147;58
"11";0;"2020-04-09";69;15;84;36
"12";0;"2020-04-09";52;9;50;15
"13";0;"2020-04-09";1045;248;1108;154
"14";0;"2020-04-09";157;58;71;31
"15";0;"2020-04-09";27;9;9;0
"16";0;"2020-04-09";11;4;28;8
"17";0;"2020-04-09";80;23;54;21
"18";0;"2020-04-09";60;13;26;26
"19";0;"2020-04-09";44;10;29;12
"21";0;"2020-04-09";290;73;364;95
"22";0;"2020-04-09";64;12;49;16
"23";0;"2020-04-09";29;10;6;4
"24";0;"2020-04-09";22;6;25;1
"25";0;"2020-04-09";199;77;219;60
"26";0;"2020-04-09";241;66;182;71
"27";0;"2020-04-09";67;6;44;31
"28";0;"2020-04-09";186;29;132;37
"29";0;"2020-04-09";109;40;69;11
"2A";0;"2020-04-09";78;17;47;31
"2B";0;"2020-04-09";10;2;65;3
"30";0;"2020-04-09";106;41;72;21
"31";0;"2020-04-09";247;106;213;23
"32";0;"2020-04-09";28;5;16;8
"33";0;"2020-04-09";282;87;423;62
"34";0;"2020-04-09";224;66;324;62
"35";0;"2020-04-09";173;48;117;27
"36";0;"2020-04-09";66;11;19;25
"37";0;"2020-04-09";193;61;89;28
"38";0;"2020-04-09";236;60;190;38
"39";0;"2020-04-09";105;13;58;23
"40";0;"2020-04-09";30;14;29;8
"41";0;"2020-04-09";103;17;48;16
"42";0;"2020-04-09";472;95;266;95
"43";0;"2020-04-09";24;7;42;4
"44";0;"2020-04-09";274;66;197;57
"45";0;"2020-04-09";256;76;160;32
"46";0;"2020-04-09";20;9;43;1
"47";0;"2020-04-09";29;7;16;4
"48";0;"2020-04-09";6;1;11;0
"49";0;"2020-04-09";191;53;218;47
"50";0;"2020-04-09";71;23;44;19
"51";0;"2020-04-09";386;62;365;108
"52";0;"2020-04-09";97;16;61;36
"53";0;"2020-04-09";75;14;28;14
"54";0;"2020-04-09";470;160;362;141
"55";0;"2020-04-09";158;23;161;41
"56";0;"2020-04-09";147;33;162;55
"57";0;"2020-04-09";1022;166;737;429
"58";0;"2020-04-09";37;8;11;7
"59";0;"2020-04-09";912;268;576;213
"60";0;"2020-04-09";424;70;383;189
"61";0;"2020-04-09";72;14;79;14
"62";0;"2020-04-09";457;126;285;81
"63";0;"2020-04-09";73;36;70;15
"64";0;"2020-04-09";96;28;79;14
"65";0;"2020-04-09";64;7;37;7
"66";0;"2020-04-09";87;32;169;19
"67";0;"2020-04-09";1090;268;855;332
"68";0;"2020-04-09";1012;143;1170;561
"69";0;"2020-04-09";1197;263;896;282
"70";0;"2020-04-09";91;18;91;45
"71";0;"2020-04-09";188;35;222;81
"72";0;"2020-04-09";130;20;115;23
"73";0;"2020-04-09";121;27;168;20
"74";0;"2020-04-09";282;79;341;77
"75";0;"2020-04-09";3155;831;1824;770
"76";0;"2020-04-09";330;111;240;84
"77";0;"2020-04-09";752;201;722;197
"78";0;"2020-04-09";1035;186;647;235
"79";0;"2020-04-09";36;10;18;9
"80";0;"2020-04-09";366;77;210;104
"81";0;"2020-04-09";51;22;43;7
"82";0;"2020-04-09";20;11;8;3
"83";0;"2020-04-09";268;56;296;46
"84";0;"2020-04-09";86;20;99;19
"85";0;"2020-04-09";71;23;57;17
"86";0;"2020-04-09";59;22;45;19
"87";0;"2020-04-09";74;20;37;11
"88";0;"2020-04-09";254;33;258;139
"89";0;"2020-04-09";91;18;62;18
"90";0;"2020-04-09";210;41;210;98
"91";0;"2020-04-09";1134;224;466;176
"92";0;"2020-04-09";1968;439;1309;419
"93";0;"2020-04-09";1575;247;829;446
"94";0;"2020-04-09";2116;338;948;474
"95";0;"2020-04-09";946;188;875;323
"971";0;"2020-04-09";33;17;49;10
"972";0;"2020-04-09";47;17;45;5
"973";0;"2020-04-09";9;1;12;0
"974";0;"2020-04-09";36;3;58;0
"976";0;"2020-04-09";16;4;26;2
"01";0;"2020-04-10";128;28;119;40
"02";0;"2020-04-10";280;44;263;136
"03";0;"2020-04-10";56;22;72;10
"04";0;"2020-04-10";35;4;60;4
"05";0;"2020-04-10";52;15;65;2
"06";0;"2020-04-10";278;83;231;63
"07";0;"2020-04-10";105;24;176;40
"08";0;"2020-04-10";74;16;52;11
"09";0;"2020-04-10";15;4;15;1
"10";0;"2020-04-10";213;27;196;59
"11";0;"2020-04-10";63;15;91;37
"12";0;"2020-04-10";50;8;56;17
"13";0;"2020-04-10";1089;267;1167;160
"14";0;"2020-04-10";165;59;72;32
"15";0;"2020-04-10";27;8;9;0
"16";0;"2020-04-10";10;4;30;8
"17";0;"2020-04-10";78;21;56;21
"18";0;"2020-04-10";66;14;30;28
"19";0;"2020-04-10";39;10;34;12
"21";0;"2020-04-10";350;79;370;102
"22";0;"2020-04-10";70;11;54;17
"23";0;"2020-04-10";29;13;9;4
"24";0;"2020-04-10";26;5;27;1
"25";0;"2020-04-10";190;75;234;65
"26";0;"2020-04-10";230;61;193;73
"27";0;"2020-04-10";87;8;47;33
"28";0;"2020-04-10";198;30;144;40
"29";0;"2020-04-10";110;40;78;12
"2A";0;"2020-04-10";72;14;51;32
"2B";0;"2020-04-10";6;1;69;3
"30";0;"2020-04-10";108;41;83;22
"31";0;"2020-04-10";250;97;228;26
"32";0;"2020-04-10";25;4;20;8
"33";0;"2020-04-10";281;81;338;60
"34";0;"2020-04-10";212;67;349;70
"35";0;"2020-04-10";171;42;124;36
"36";0;"2020-04-10";79;9;20;29
"37";0;"2020-04-10";193;61;95;30
"38";0;"2020-04-10";249;56;201;41
"39";0;"2020-04-10";111;16;60;24
"40";0;"2020-04-10";25;13;31;9
"41";0;"2020-04-10";93;17;58;18
"42";0;"2020-04-10";464;101;299;101
"43";0;"2020-04-10";24;7;45;5
"44";0;"2020-04-10";289;70;210;60
"45";0;"2020-04-10";265;79;181;34
"46";0;"2020-04-10";18;8;49;2
"47";0;"2020-04-10";28;6;17;4
"48";0;"2020-04-10";6;1;11;0
"49";0;"2020-04-10";194;54;233;49
"50";0;"2020-04-10";79;23;46;19
"51";0;"2020-04-10";392;60;389;118
"52";0;"2020-04-10";100;19;72;37
"53";0;"2020-04-10";74;14;30;17
"54";0;"2020-04-10";508;151;378;163
"55";0;"2020-04-10";154;24;174;42
"56";0;"2020-04-10";139;34;175;56
"57";0;"2020-04-10";1052;160;788;452
"58";0;"2020-04-10";48;10;13;7
"59";0;"2020-04-10";937;270;634;228
"60";0;"2020-04-10";434;70;409;196
"61";0;"2020-04-10";75;13;89;14
"62";0;"2020-04-10";446;104;334;92
"63";0;"2020-04-10";73;34;77;15
"64";0;"2020-04-10";97;28;86;16
"65";0;"2020-04-10";68;6;43;7
"66";0;"2020-04-10";79;33;182;20
"67";0;"2020-04-10";1106;266;942;343
"68";0;"2020-04-10";1023;132;1206;570
"69";0;"2020-04-10";1194;258;968;295
"70";0;"2020-04-10";89;17;98;47
"71";0;"2020-04-10";184;36;234;89
"72";0;"2020-04-10";143;21;110;24
"73";0;"2020-04-10";118;23;178;23
"74";0;"2020-04-10";282;76;354;78
"75";0;"2020-04-10";3181;841;2005;839
"76";0;"2020-04-10";335;107;258;90
"77";0;"2020-04-10";782;208;779;213
"78";0;"2020-04-10";1042;191;685;250
"79";0;"2020-04-10";38;12;19;9
"80";0;"2020-04-10";359;76;233;110
"81";0;"2020-04-10";45;20;49;9
"82";0;"2020-04-10";19;10;11;3
"83";0;"2020-04-10";269;53;316;49
"84";0;"2020-04-10";81;19;107;21
"85";0;"2020-04-10";72;21;58;19
"86";0;"2020-04-10";56;23;52;19
"87";0;"2020-04-10";68;13;43;11
"88";0;"2020-04-10";277;34;248;157
"89";0;"2020-04-10";88;20;74;23
"90";0;"2020-04-10";222;37;226;102
"91";0;"2020-04-10";1184;233;515;192
"92";0;"2020-04-10";1974;434;1415;463
"93";0;"2020-04-10";1597;251;929;480
"94";0;"2020-04-10";2190;328;1023;510
"95";0;"2020-04-10";911;179;962;353
"971";0;"2020-04-10";33;19;50;10
"972";0;"2020-04-10";44;16;48;5
"973";0;"2020-04-10";9;1;13;0
"974";0;"2020-04-10";42;3;58;0
"976";0;"2020-04-10";20;4;24;2
"01";0;"2020-04-11";118;30;132;42
"02";0;"2020-04-11";279;43;285;140
"03";0;"2020-04-11";60;22;74;12
"04";0;"2020-04-11";35;5;63;4
"05";0;"2020-04-11";50;15;68;2
"06";0;"2020-04-11";267;79;249;67
"07";0;"2020-04-11";102;26;182;40
"08";0;"2020-04-11";69;17;57;13
"09";0;"2020-04-11";15;4;15;1
"10";0;"2020-04-11";219;27;196;61
"11";0;"2020-04-11";66;14;96;37
"12";0;"2020-04-11";55;6;58;17
"13";0;"2020-04-11";1064;264;1223;173
"14";0;"2020-04-11";166;55;82;33
"15";0;"2020-04-11";27;7;9;0
"16";0;"2020-04-11";13;7;30;8
"17";0;"2020-04-11";79;22;57;22
"18";0;"2020-04-11";66;15;35;29
"19";0;"2020-04-11";46;12;37;13
"21";0;"2020-04-11";325;72;402;106
"22";0;"2020-04-11";69;12;59;18
"23";0;"2020-04-11";31;14;9;4
"24";0;"2020-04-11";24;6;32;1
"25";0;"2020-04-11";186;77;248;68
"26";0;"2020-04-11";227;60;205;77
"27";0;"2020-04-11";94;8;47;33
"28";0;"2020-04-11";202;25;148;41
"29";0;"2020-04-11";116;39;82;13
"2A";0;"2020-04-11";70;14;53;33
"2B";0;"2020-04-11";6;1;69;3
"30";0;"2020-04-11";97;40;96;23
"31";0;"2020-04-11";239;97;249;28
"32";0;"2020-04-11";23;4;21;9
"33";0;"2020-04-11";308;102;362;64
"34";0;"2020-04-11";185;56;375;74
"35";0;"2020-04-11";172;38;135;39
"36";0;"2020-04-11";84;9;23;30
"37";0;"2020-04-11";200;64;103;33
"38";0;"2020-04-11";246;54;208;45
"39";0;"2020-04-11";112;14;65;26
"40";0;"2020-04-11";25;13;31;9
"41";0;"2020-04-11";93;15;61;21
"42";0;"2020-04-11";470;98;316;104
"43";0;"2020-04-11";30;7;45;5
"44";0;"2020-04-11";288;65;227;62
"45";0;"2020-04-11";277;74;198;39
"46";0;"2020-04-11";20;10;53;2
"47";0;"2020-04-11";27;6;17;4
"48";0;"2020-04-11";6;1;11;0
"49";0;"2020-04-11";203;46;242;53
"50";0;"2020-04-11";71;21;53;21
"51";0;"2020-04-11";366;58;419;131
"52";0;"2020-04-11";99;18;78;40
"53";0;"2020-04-11";65;11;39;18
"54";0;"2020-04-11";508;150;390;171
"55";0;"2020-04-11";143;21;183;45
"56";0;"2020-04-11";130;35;194;59
"57";0;"2020-04-11";1038;160;814;467
"58";0;"2020-04-11";53;10;15;7
"59";0;"2020-04-11";935;267;680;248
"60";0;"2020-04-11";444;71;427;204
"61";0;"2020-04-11";67;13;98;16
"62";0;"2020-04-11";434;98;352;96
"63";0;"2020-04-11";72;27;79;18
"64";0;"2020-04-11";92;27;95;16
"65";0;"2020-04-11";74;5;46;8
"66";0;"2020-04-11";78;29;185;21
"67";0;"2020-04-11";1107;261;955;346
"68";0;"2020-04-11";1026;139;1228;576
"69";0;"2020-04-11";1243;253;1029;305
"70";0;"2020-04-11";87;17;100;48
"71";0;"2020-04-11";174;33;258;91
"72";0;"2020-04-11";147;22;118;25
"73";0;"2020-04-11";107;23;191;23
"74";0;"2020-04-11";283;75;387;84
"75";0;"2020-04-11";3219;811;2131;867
"76";0;"2020-04-11";328;105;274;93
"77";0;"2020-04-11";798;204;807;223
"78";0;"2020-04-11";1056;190;723;258
"79";0;"2020-04-11";38;8;20;9
"80";0;"2020-04-11";352;71;273;118
"81";0;"2020-04-11";42;19;53;10
"82";0;"2020-04-11";18;10;13;3
"83";0;"2020-04-11";274;55;333;50
"84";0;"2020-04-11";76;18;117;21
"85";0;"2020-04-11";75;20;62;20
"86";0;"2020-04-11";63;29;56;19
"87";0;"2020-04-11";69;18;48;11
"88";0;"2020-04-11";266;30;261;158
"89";0;"2020-04-11";85;20;85;25
"90";0;"2020-04-11";217;35;238;107
"91";0;"2020-04-11";1206;236;556;203
"92";0;"2020-04-11";1978;441;1491;483
"93";0;"2020-04-11";1619;244;1000;494
"94";0;"2020-04-11";2233;316;1069;524
"95";0;"2020-04-11";916;175;1019;364
"971";0;"2020-04-11";37;20;50;10
"972";0;"2020-04-11";41;15;50;5
"973";0;"2020-04-11";9;1;13;0
"974";0;"2020-04-11";30;3;70;0
"976";0;"2020-04-11";20;3;25;3
"01";0;"2020-04-12";118;30;136;42
"02";0;"2020-04-12";283;44;287;142
"03";0;"2020-04-12";58;20;79;13
"04";0;"2020-04-12";34;5;63;5
"05";0;"2020-04-12";49;13;68;3
"06";0;"2020-04-12";270;80;249;68
"07";0;"2020-04-12";102;25;184;40
"08";0;"2020-04-12";79;15;66;17
"09";0;"2020-04-12";16;4;15;1
"10";0;"2020-04-12";239;27;197;61
"11";0;"2020-04-12";81;14;96;38
"12";0;"2020-04-12";56;6;58;18
"13";0;"2020-04-12";1133;268;1234;175
"14";0;"2020-04-12";162;51;90;35
"15";0;"2020-04-12";28;7;9;0
"16";0;"2020-04-12";14;6;31;8
"17";0;"2020-04-12";86;21;57;23
"18";0;"2020-04-12";68;14;35;31
"19";0;"2020-04-12";48;12;38;14
"21";0;"2020-04-12";344;72;406;116
"22";0;"2020-04-12";73;12;61;20
"23";0;"2020-04-12";33;15;9;4
"24";0;"2020-04-12";26;6;32;1
"25";0;"2020-04-12";213;75;263;72
"26";0;"2020-04-12";236;58;207;79
"27";0;"2020-04-12";94;7;49;33
"28";0;"2020-04-12";219;25;149;41
"29";0;"2020-04-12";123;38;82;13
"2A";0;"2020-04-12";70;14;55;33
"2B";0;"2020-04-12";4;0;71;3
"30";0;"2020-04-12";95;40;97;26
"31";0;"2020-04-12";244;97;258;28
"32";0;"2020-04-12";28;4;21;9
"33";0;"2020-04-12";299;99;378;68
"34";0;"2020-04-12";183;56;382;74
"35";0;"2020-04-12";182;35;141;39
"36";0;"2020-04-12";82;9;24;32
"37";0;"2020-04-12";194;58;106;36
"38";0;"2020-04-12";248;52;217;47
"39";0;"2020-04-12";117;15;65;27
"40";0;"2020-04-12";24;12;31;10
"41";0;"2020-04-12";96;15;61;21
"42";0;"2020-04-12";493;101;331;109
"43";0;"2020-04-12";32;7;45;5
"44";0;"2020-04-12";295;65;233;64
"45";0;"2020-04-12";284;72;206;40
"46";0;"2020-04-12";20;10;53;2
"47";0;"2020-04-12";30;6;18;4
"48";0;"2020-04-12";6;1;11;0
"49";0;"2020-04-12";220;47;245;53
"50";0;"2020-04-12";72;20;55;21
"51";0;"2020-04-12";383;61;428;137
"52";0;"2020-04-12";99;18;82;42
"53";0;"2020-04-12";69;11;39;18
"54";0;"2020-04-12";496;146;419;174
"55";0;"2020-04-12";144;20;190;49
"56";0;"2020-04-12";132;34;197;60
"57";0;"2020-04-12";1050;159;842;480
"58";0;"2020-04-12";56;10;16;7
"59";0;"2020-04-12";950;266;691;259
"60";0;"2020-04-12";463;73;442;214
"61";0;"2020-04-12";73;14;99;17
"62";0;"2020-04-12";440;95;372;103
"63";0;"2020-04-12";76;27;79;18
"64";0;"2020-04-12";93;26;96;18
"65";0;"2020-04-12";84;6;46;8
"66";0;"2020-04-12";79;27;185;22
"67";0;"2020-04-12";1102;261;993;352
"68";0;"2020-04-12";1027;142;1242;588
"69";0;"2020-04-12";1241;250;1057;310
"70";0;"2020-04-12";85;17;102;49
"71";0;"2020-04-12";175;34;262;92
"72";0;"2020-04-12";151;23;121;27
"73";0;"2020-04-12";108;24;197;23
"74";0;"2020-04-12";285;73;395;87
"75";0;"2020-04-12";3249;807;2226;912
"76";0;"2020-04-12";315;94;293;95
"77";0;"2020-04-12";811;207;831;230
"78";0;"2020-04-12";1063;188;739;268
"79";0;"2020-04-12";35;7;23;10
"80";0;"2020-04-12";348;71;283;122
"81";0;"2020-04-12";44;19;52;10
"82";0;"2020-04-12";18;10;13;3
"83";0;"2020-04-12";265;53;363;55
"84";0;"2020-04-12";79;19;120;22
"85";0;"2020-04-12";75;21;65;20
"86";0;"2020-04-12";67;29;52;19
"87";0;"2020-04-12";77;18;50;11
"88";0;"2020-04-12";268;29;266;164
"89";0;"2020-04-12";84;20;85;26
"90";0;"2020-04-12";220;35;242;111
"91";0;"2020-04-12";1230;234;580;213
"92";0;"2020-04-12";2024;451;1526;505
"93";0;"2020-04-12";1638;243;1055;504
"94";0;"2020-04-12";2231;317;1123;541
"95";0;"2020-04-12";919;179;1039;375
"971";0;"2020-04-12";38;19;51;10
"972";0;"2020-04-12";38;15;52;6
"973";0;"2020-04-12";15;1;13;0
"974";0;"2020-04-12";28;3;72;0
"976";0;"2020-04-12";22;3;25;3
"01";0;"2020-04-13";120;30;139;44
"02";0;"2020-04-13";286;44;288;147
"03";0;"2020-04-13";58;20;82;13
"04";0;"2020-04-13";33;4;63;5
"05";0;"2020-04-13";49;13;70;3
"06";0;"2020-04-13";278;79;257;75
"07";0;"2020-04-13";106;24;185;43
"08";0;"2020-04-13";79;15;66;17
"09";0;"2020-04-13";16;4;15;1
"10";0;"2020-04-13";260;27;198;62
"11";0;"2020-04-13";91;14;96;40
"12";0;"2020-04-13";57;5;59;19
"13";0;"2020-04-13";1147;270;1250;182
"14";0;"2020-04-13";156;49;94;36
"15";0;"2020-04-13";29;7;9;0
"16";0;"2020-04-13";14;6;31;8
"17";0;"2020-04-13";85;19;58;23
"18";0;"2020-04-13";72;14;34;35
"19";0;"2020-04-13";51;13;38;14
"21";0;"2020-04-13";340;73;418;119
"22";0;"2020-04-13";74;11;62;20
"23";0;"2020-04-13";34;15;9;4
"24";0;"2020-04-13";31;7;32;1
"25";0;"2020-04-13";212;75;268;72
"26";0;"2020-04-13";234;56;213;80
"27";0;"2020-04-13";92;7;49;35
"28";0;"2020-04-13";232;25;149;42
"29";0;"2020-04-13";121;37;84;16
"2A";0;"2020-04-13";71;15;55;35
"2B";0;"2020-04-13";4;0;71;3
"30";0;"2020-04-13";92;40;99;27
"31";0;"2020-04-13";243;95;263;28
"32";0;"2020-04-13";31;4;21;9
"33";0;"2020-04-13";311;103;386;69
"34";0;"2020-04-13";198;58;386;76
"35";0;"2020-04-13";184;35;144;40
"36";0;"2020-04-13";94;9;24;38
"37";0;"2020-04-13";196;57;108;36
"38";0;"2020-04-13";255;49;220;48
"39";0;"2020-04-13";124;17;65;28
"40";0;"2020-04-13";24;12;31;10
"41";0;"2020-04-13";97;14;62;22
"42";0;"2020-04-13";490;103;335;110
"43";0;"2020-04-13";31;6;46;6
"44";0;"2020-04-13";299;64;236;71
"45";0;"2020-04-13";292;77;218;41
"46";0;"2020-04-13";20;10;53;2
"47";0;"2020-04-13";30;6;18;4
"48";0;"2020-04-13";6;1;11;0
"49";0;"2020-04-13";222;45;253;54
"50";0;"2020-04-13";73;20;55;21
"51";0;"2020-04-13";395;60;432;139
"52";0;"2020-04-13";100;18;83;42
"53";0;"2020-04-13";68;11;41;19
"54";0;"2020-04-13";506;149;426;179
"55";0;"2020-04-13";143;20;191;49
"56";0;"2020-04-13";131;35;200;60
"57";0;"2020-04-13";1047;164;856;497
"58";0;"2020-04-13";60;11;16;8
"59";0;"2020-04-13";970;266;698;274
"60";0;"2020-04-13";461;72;444;221
"61";0;"2020-04-13";71;14;101;19
"62";0;"2020-04-13";447;92;385;105
"63";0;"2020-04-13";80;27;79;18
"64";0;"2020-04-13";92;24;98;19
"65";0;"2020-04-13";83;5;48;10
"66";0;"2020-04-13";74;26;196;22
"67";0;"2020-04-13";1106;256;1003;357
"68";0;"2020-04-13";1023;140;1261;595
"69";0;"2020-04-13";1252;252;1063;320
"70";0;"2020-04-13";85;17;102;50
"71";0;"2020-04-13";176;34;263;92
"72";0;"2020-04-13";155;22;122;27
"73";0;"2020-04-13";111;25;198;24
"74";0;"2020-04-13";289;72;401;88
"75";0;"2020-04-13";3266;796;2287;959
"76";0;"2020-04-13";321;99;298;100
"77";0;"2020-04-13";828;206;851;240
"78";0;"2020-04-13";1070;183;774;276
"79";0;"2020-04-13";36;7;23;10
"80";0;"2020-04-13";361;69;287;126
"81";0;"2020-04-13";45;19;53;11
"82";0;"2020-04-13";18;10;13;3
"83";0;"2020-04-13";279;54;363;61
"84";0;"2020-04-13";73;17;123;22
"85";0;"2020-04-13";79;20;67;21
"86";0;"2020-04-13";71;29;52;21
"87";0;"2020-04-13";78;18;52;11
"88";0;"2020-04-13";269;31;272;168
"89";0;"2020-04-13";83;20;85;28
"90";0;"2020-04-13";229;37;246;115
"91";0;"2020-04-13";1231;237;586;220
"92";0;"2020-04-13";2005;436;1575;527
"93";0;"2020-04-13";1619;245;1099;527
"94";0;"2020-04-13";2249;323;1150;570
"95";0;"2020-04-13";928;178;1065;385
"971";0;"2020-04-13";41;18;51;10
"972";0;"2020-04-13";39;16;52;6
"973";0;"2020-04-13";15;1;13;0
"974";0;"2020-04-13";28;3;72;0
"976";0;"2020-04-13";22;3;25;3
"01";0;"2020-04-14";134;29;144;46
"02";0;"2020-04-14";279;45;296;152
"03";0;"2020-04-14";62;21;81;16
"04";0;"2020-04-14";34;4;71;5
"05";0;"2020-04-14";46;13;73;3
"06";0;"2020-04-14";282;79;270;81
"07";0;"2020-04-14";106;24;193;45
"08";0;"2020-04-14";78;17;71;21
"09";0;"2020-04-14";16;4;15;1
"10";0;"2020-04-14";274;26;198;65
"11";0;"2020-04-14";86;12;98;41
"12";0;"2020-04-14";56;5;61;19
"13";0;"2020-04-14";1142;261;1324;199
"14";0;"2020-04-14";152;43;100;41
"15";0;"2020-04-14";29;9;10;0
"16";0;"2020-04-14";14;6;31;8
"17";0;"2020-04-14";94;20;60;25
"18";0;"2020-04-14";72;13;35;35
"19";0;"2020-04-14";53;12;39;16
"21";0;"2020-04-14";346;73;419;133
"22";0;"2020-04-14";77;10;66;21
"23";0;"2020-04-14";32;14;11;4
"24";0;"2020-04-14";29;7;34;3
"25";0;"2020-04-14";234;75;277;80
"26";0;"2020-04-14";226;58;223;85
"27";0;"2020-04-14";85;7;51;41
"28";0;"2020-04-14";236;24;163;47
"29";0;"2020-04-14";120;37;86;19
"2A";0;"2020-04-14";71;16;57;35
"2B";0;"2020-04-14";3;0;72;3
"30";0;"2020-04-14";97;36;105;28
"31";0;"2020-04-14";243;98;278;30
"32";0;"2020-04-14";32;3;22;10
"33";0;"2020-04-14";317;102;401;72
"34";0;"2020-04-14";192;57;393;83
"35";0;"2020-04-14";190;36;152;44
"36";0;"2020-04-14";92;9;26;38
"37";0;"2020-04-14";195;50;115;38
"38";0;"2020-04-14";249;47;227;52
"39";0;"2020-04-14";131;18;65;30
"40";0;"2020-04-14";27;12;32;10
"41";0;"2020-04-14";104;15;64;25
"42";0;"2020-04-14";489;99;352;116
"43";0;"2020-04-14";29;4;50;6
"44";0;"2020-04-14";296;63;244;77
"45";0;"2020-04-14";297;77;226;44
"46";0;"2020-04-14";24;9;52;4
"47";0;"2020-04-14";32;6;19;4
"48";0;"2020-04-14";6;1;11;0
"49";0;"2020-04-14";232;44;257;56
"50";0;"2020-04-14";78;20;56;26
"51";0;"2020-04-14";387;58;451;146
"52";0;"2020-04-14";103;19;83;43
"53";0;"2020-04-14";71;11;42;19
"54";0;"2020-04-14";509;147;449;184
"55";0;"2020-04-14";146;22;199;50
"56";0;"2020-04-14";127;34;207;65
"57";0;"2020-04-14";1064;162;879;513
"58";0;"2020-04-14";58;10;17;12
"59";0;"2020-04-14";984;258;722;295
"60";0;"2020-04-14";458;70;468;230
"61";0;"2020-04-14";74;13;107;19
"62";0;"2020-04-14";463;97;397;114
"63";0;"2020-04-14";79;27;80;18
"64";0;"2020-04-14";92;23;98;20
"65";0;"2020-04-14";83;5;50;12
"66";0;"2020-04-14";65;21;205;22
"67";0;"2020-04-14";1122;250;1024;375
"68";0;"2020-04-14";1041;140;1298;596
"69";0;"2020-04-14";1247;251;1097;336
"70";0;"2020-04-14";95;18;104;51
"71";0;"2020-04-14";180;34;268;97
"72";0;"2020-04-14";142;21;136;33
"73";0;"2020-04-14";99;20;215;28
"74";0;"2020-04-14";295;70;409;88
"75";0;"2020-04-14";3281;790;2336;1003
"76";0;"2020-04-14";316;94;312;103
"77";0;"2020-04-14";830;209;898;269
"78";0;"2020-04-14";1054;183;814;292
"79";0;"2020-04-14";37;7;24;10
"80";0;"2020-04-14";368;68;301;129
"81";0;"2020-04-14";44;19;55;13
"82";0;"2020-04-14";18;9;15;3
"83";0;"2020-04-14";315;48;377;64
"84";0;"2020-04-14";75;17;125;22
"85";0;"2020-04-14";79;16;70;24
"86";0;"2020-04-14";68;28;59;22
"87";0;"2020-04-14";71;14;58;13
"88";0;"2020-04-14";269;31;276;173
"89";0;"2020-04-14";91;21;90;32
"90";0;"2020-04-14";226;36;248;116
"91";0;"2020-04-14";1217;231;627;247
"92";0;"2020-04-14";2006;423;1646;563
"93";0;"2020-04-14";1613;240;1186;560
"94";0;"2020-04-14";2247;343;1185;606
"95";0;"2020-04-14";961;180;1098;397
"971";0;"2020-04-14";41;18;51;10
"972";0;"2020-04-14";39;16;52;6
"973";0;"2020-04-14";18;1;13;0
"974";0;"2020-04-14";28;3;72;0
"976";0;"2020-04-14";15;3;35;3
